subject,path,file_count,status
sub-01,/home/fs0/xpsy1114/scratch/data/derivatives/sub-01/func/glm_all_paths-rews-split_buttons_pt01.feat,3,failed
sub-01,/home/fs0/xpsy1114/scratch/data/derivatives/sub-01/func/glm_all_paths-rews-split_buttons_pt01+.feat,3,failed
sub-01,/home/fs0/xpsy1114/scratch/data/derivatives/sub-01/func/glm_all_paths-rews-split_buttons_pt02.feat,3,failed
sub-01,/home/fs0/xpsy1114/scratch/data/derivatives/sub-01/func/glm_all_paths-rews-split_buttons_pt02+.feat,3,failed
sub-01,/home/fs0/xpsy1114/scratch/data/derivatives/sub-01/func/glm_all-rews-split_buttons_pt01.feat,1997,worked
sub-01,/home/fs0/xpsy1114/scratch/data/derivatives/sub-01/func/glm_all-rews-split_buttons_pt01+.feat,1997,worked
sub-01,/home/fs0/xpsy1114/scratch/data/derivatives/sub-01/func/glm_all-rews-split_buttons_pt02.feat,2009,worked
sub-01,/home/fs0/xpsy1114/scratch/data/derivatives/sub-01/func/glm_all-rews-split_buttons_pt02+.feat,2009,worked
sub-01,/home/fs0/xpsy1114/scratch/data/derivatives/sub-01/func/glm_fut-steps_split-buttons_pt01.feat,3,failed
sub-01,/home/fs0/xpsy1114/scratch/data/derivatives/sub-01/func/glm_fut-steps_split-buttons_pt01++.feat,1693,worked
sub-01,/home/fs0/xpsy1114/scratch/data/derivatives/sub-01/func/glm_fut-steps_split-buttons_pt01+.feat,3,failed
sub-01,/home/fs0/xpsy1114/scratch/data/derivatives/sub-01/func/glm_fut-steps_split-buttons_pt02.feat,3,failed
sub-01,/home/fs0/xpsy1114/scratch/data/derivatives/sub-01/func/glm_fut-steps_split-buttons_pt02++.feat,1705,worked
sub-01,/home/fs0/xpsy1114/scratch/data/derivatives/sub-01/func/glm_fut-steps_split-buttons_pt02+.feat,3,failed
sub-01,/home/fs0/xpsy1114/scratch/data/derivatives/sub-01/func/glm_fut-steps_states_split-buttons_pt01.feat,3,failed
sub-01,/home/fs0/xpsy1114/scratch/data/derivatives/sub-01/func/glm_fut-steps_states_split-buttons_pt01++.feat,1883,worked
sub-01,/home/fs0/xpsy1114/scratch/data/derivatives/sub-01/func/glm_fut-steps_states_split-buttons_pt01+.feat,3,failed
sub-01,/home/fs0/xpsy1114/scratch/data/derivatives/sub-01/func/glm_fut-steps_states_split-buttons_pt02.feat,3,failed
sub-01,/home/fs0/xpsy1114/scratch/data/derivatives/sub-01/func/glm_fut-steps_states_split-buttons_pt02++.feat,1857,worked
sub-01,/home/fs0/xpsy1114/scratch/data/derivatives/sub-01/func/glm_fut-steps_states_split-buttons_pt02+.feat,3,failed
sub-02,/home/fs0/xpsy1114/scratch/data/derivatives/sub-02/func/glm_all_paths-rews-split_buttons_pt01.feat,3,failed
sub-02,/home/fs0/xpsy1114/scratch/data/derivatives/sub-02/func/glm_all_paths-rews-split_buttons_pt01+.feat,3,failed
sub-02,/home/fs0/xpsy1114/scratch/data/derivatives/sub-02/func/glm_all_paths-rews-split_buttons_pt02.feat,3,failed
sub-02,/home/fs0/xpsy1114/scratch/data/derivatives/sub-02/func/glm_all_paths-rews-split_buttons_pt02+.feat,3,failed
sub-02,/home/fs0/xpsy1114/scratch/data/derivatives/sub-02/func/glm_all-rews-split_buttons_pt01.feat,2017,worked
sub-02,/home/fs0/xpsy1114/scratch/data/derivatives/sub-02/func/glm_all-rews-split_buttons_pt01+.feat,2017,worked
sub-02,/home/fs0/xpsy1114/scratch/data/derivatives/sub-02/func/glm_all-rews-split_buttons_pt02.feat,2019,worked
sub-02,/home/fs0/xpsy1114/scratch/data/derivatives/sub-02/func/glm_all-rews-split_buttons_pt02+.feat,2019,worked
sub-02,/home/fs0/xpsy1114/scratch/data/derivatives/sub-02/func/glm_fut-steps_split-buttons_pt01.feat,3,failed
sub-02,/home/fs0/xpsy1114/scratch/data/derivatives/sub-02/func/glm_fut-steps_split-buttons_pt01++.feat,1713,worked
sub-02,/home/fs0/xpsy1114/scratch/data/derivatives/sub-02/func/glm_fut-steps_split-buttons_pt01+.feat,3,failed
sub-02,/home/fs0/xpsy1114/scratch/data/derivatives/sub-02/func/glm_fut-steps_split-buttons_pt02.feat,3,failed
sub-02,/home/fs0/xpsy1114/scratch/data/derivatives/sub-02/func/glm_fut-steps_split-buttons_pt02++.feat,1715,worked
sub-02,/home/fs0/xpsy1114/scratch/data/derivatives/sub-02/func/glm_fut-steps_split-buttons_pt02+.feat,3,failed
sub-02,/home/fs0/xpsy1114/scratch/data/derivatives/sub-02/func/glm_fut-steps_states_split-buttons_pt01.feat,3,failed
sub-02,/home/fs0/xpsy1114/scratch/data/derivatives/sub-02/func/glm_fut-steps_states_split-buttons_pt01++.feat,1865,worked
sub-02,/home/fs0/xpsy1114/scratch/data/derivatives/sub-02/func/glm_fut-steps_states_split-buttons_pt01+.feat,3,failed
sub-02,/home/fs0/xpsy1114/scratch/data/derivatives/sub-02/func/glm_fut-steps_states_split-buttons_pt02.feat,3,failed
sub-02,/home/fs0/xpsy1114/scratch/data/derivatives/sub-02/func/glm_fut-steps_states_split-buttons_pt02++.feat,1867,worked
sub-02,/home/fs0/xpsy1114/scratch/data/derivatives/sub-02/func/glm_fut-steps_states_split-buttons_pt02+.feat,3,failed
sub-03,/home/fs0/xpsy1114/scratch/data/derivatives/sub-03/func/glm_all_paths-rews-split_buttons_pt01.feat,3,failed
sub-03,/home/fs0/xpsy1114/scratch/data/derivatives/sub-03/func/glm_all_paths-rews-split_buttons_pt01+.feat,3,failed
sub-03,/home/fs0/xpsy1114/scratch/data/derivatives/sub-03/func/glm_all_paths-rews-split_buttons_pt02.feat,3,failed
sub-03,/home/fs0/xpsy1114/scratch/data/derivatives/sub-03/func/glm_all_paths-rews-split_buttons_pt02+.feat,3,failed
sub-03,/home/fs0/xpsy1114/scratch/data/derivatives/sub-03/func/glm_all-rews-split_buttons_pt01.feat,2000,worked
sub-03,/home/fs0/xpsy1114/scratch/data/derivatives/sub-03/func/glm_all-rews-split_buttons_pt01+.feat,2000,worked
sub-03,/home/fs0/xpsy1114/scratch/data/derivatives/sub-03/func/glm_all-rews-split_buttons_pt02.feat,1969,worked
sub-03,/home/fs0/xpsy1114/scratch/data/derivatives/sub-03/func/glm_all-rews-split_buttons_pt02+.feat,1969,worked
sub-03,/home/fs0/xpsy1114/scratch/data/derivatives/sub-03/func/glm_fut-steps_split-buttons_pt01.feat,3,failed
sub-03,/home/fs0/xpsy1114/scratch/data/derivatives/sub-03/func/glm_fut-steps_split-buttons_pt01++.feat,1696,worked
sub-03,/home/fs0/xpsy1114/scratch/data/derivatives/sub-03/func/glm_fut-steps_split-buttons_pt01+.feat,3,failed
sub-03,/home/fs0/xpsy1114/scratch/data/derivatives/sub-03/func/glm_fut-steps_split-buttons_pt02.feat,3,failed
sub-03,/home/fs0/xpsy1114/scratch/data/derivatives/sub-03/func/glm_fut-steps_split-buttons_pt02++.feat,1665,worked
sub-03,/home/fs0/xpsy1114/scratch/data/derivatives/sub-03/func/glm_fut-steps_split-buttons_pt02+.feat,3,failed
sub-03,/home/fs0/xpsy1114/scratch/data/derivatives/sub-03/func/glm_fut-steps_states_split-buttons_pt01.feat,3,failed
sub-03,/home/fs0/xpsy1114/scratch/data/derivatives/sub-03/func/glm_fut-steps_states_split-buttons_pt01++.feat,1848,worked
sub-03,/home/fs0/xpsy1114/scratch/data/derivatives/sub-03/func/glm_fut-steps_states_split-buttons_pt01+.feat,3,failed
sub-03,/home/fs0/xpsy1114/scratch/data/derivatives/sub-03/func/glm_fut-steps_states_split-buttons_pt02.feat,3,failed
sub-03,/home/fs0/xpsy1114/scratch/data/derivatives/sub-03/func/glm_fut-steps_states_split-buttons_pt02++.feat,1817,worked
sub-03,/home/fs0/xpsy1114/scratch/data/derivatives/sub-03/func/glm_fut-steps_states_split-buttons_pt02+.feat,3,failed
sub-04,/home/fs0/xpsy1114/scratch/data/derivatives/sub-04/func/glm_all_paths-rews-split_buttons_pt01.feat,3,failed
sub-04,/home/fs0/xpsy1114/scratch/data/derivatives/sub-04/func/glm_all_paths-rews-split_buttons_pt01+.feat,3,failed
sub-04,/home/fs0/xpsy1114/scratch/data/derivatives/sub-04/func/glm_all_paths-rews-split_buttons_pt02.feat,3,failed
sub-04,/home/fs0/xpsy1114/scratch/data/derivatives/sub-04/func/glm_all_paths-rews-split_buttons_pt02+.feat,3,failed
sub-04,/home/fs0/xpsy1114/scratch/data/derivatives/sub-04/func/glm_all-rews-split_buttons_pt01.feat,1913,worked
sub-04,/home/fs0/xpsy1114/scratch/data/derivatives/sub-04/func/glm_all-rews-split_buttons_pt01+.feat,1913,worked
sub-04,/home/fs0/xpsy1114/scratch/data/derivatives/sub-04/func/glm_all-rews-split_buttons_pt02.feat,1911,worked
sub-04,/home/fs0/xpsy1114/scratch/data/derivatives/sub-04/func/glm_all-rews-split_buttons_pt02+.feat,1911,worked
sub-04,/home/fs0/xpsy1114/scratch/data/derivatives/sub-04/func/glm_fut-steps_split-buttons_pt01.feat,3,failed
sub-04,/home/fs0/xpsy1114/scratch/data/derivatives/sub-04/func/glm_fut-steps_split-buttons_pt01++.feat,1609,worked
sub-04,/home/fs0/xpsy1114/scratch/data/derivatives/sub-04/func/glm_fut-steps_split-buttons_pt01+.feat,3,failed
sub-04,/home/fs0/xpsy1114/scratch/data/derivatives/sub-04/func/glm_fut-steps_split-buttons_pt02.feat,3,failed
sub-04,/home/fs0/xpsy1114/scratch/data/derivatives/sub-04/func/glm_fut-steps_split-buttons_pt02++.feat,1607,worked
sub-04,/home/fs0/xpsy1114/scratch/data/derivatives/sub-04/func/glm_fut-steps_split-buttons_pt02+.feat,3,failed
sub-04,/home/fs0/xpsy1114/scratch/data/derivatives/sub-04/func/glm_fut-steps_states_split-buttons_pt01.feat,3,failed
sub-04,/home/fs0/xpsy1114/scratch/data/derivatives/sub-04/func/glm_fut-steps_states_split-buttons_pt01++.feat,1761,worked
sub-04,/home/fs0/xpsy1114/scratch/data/derivatives/sub-04/func/glm_fut-steps_states_split-buttons_pt01+.feat,3,failed
sub-04,/home/fs0/xpsy1114/scratch/data/derivatives/sub-04/func/glm_fut-steps_states_split-buttons_pt02.feat,3,failed
sub-04,/home/fs0/xpsy1114/scratch/data/derivatives/sub-04/func/glm_fut-steps_states_split-buttons_pt02++.feat,1759,worked
sub-04,/home/fs0/xpsy1114/scratch/data/derivatives/sub-04/func/glm_fut-steps_states_split-buttons_pt02+.feat,3,failed
sub-05,/home/fs0/xpsy1114/scratch/data/derivatives/sub-05/func/glm_all_paths-rews-split_buttons_pt01.feat,3,failed
sub-05,/home/fs0/xpsy1114/scratch/data/derivatives/sub-05/func/glm_all_paths-rews-split_buttons_pt01+.feat,3,failed
sub-05,/home/fs0/xpsy1114/scratch/data/derivatives/sub-05/func/glm_all_paths-rews-split_buttons_pt02.feat,3,failed
sub-05,/home/fs0/xpsy1114/scratch/data/derivatives/sub-05/func/glm_all_paths-rews-split_buttons_pt02+.feat,3,failed
sub-05,/home/fs0/xpsy1114/scratch/data/derivatives/sub-05/func/glm_all-rews-split_buttons_pt01.feat,35,worked
sub-05,/home/fs0/xpsy1114/scratch/data/derivatives/sub-05/func/glm_all-rews-split_buttons_pt01+.feat,35,worked
sub-05,/home/fs0/xpsy1114/scratch/data/derivatives/sub-05/func/glm_all-rews-split_buttons_pt02.feat,2005,worked
sub-05,/home/fs0/xpsy1114/scratch/data/derivatives/sub-05/func/glm_all-rews-split_buttons_pt02+.feat,2005,worked
sub-05,/home/fs0/xpsy1114/scratch/data/derivatives/sub-05/func/glm_fut-steps_split-buttons_pt01.feat,3,failed
sub-05,/home/fs0/xpsy1114/scratch/data/derivatives/sub-05/func/glm_fut-steps_split-buttons_pt01++.feat,35,worked
sub-05,/home/fs0/xpsy1114/scratch/data/derivatives/sub-05/func/glm_fut-steps_split-buttons_pt01+.feat,3,failed
sub-05,/home/fs0/xpsy1114/scratch/data/derivatives/sub-05/func/glm_fut-steps_split-buttons_pt02.feat,3,failed
sub-05,/home/fs0/xpsy1114/scratch/data/derivatives/sub-05/func/glm_fut-steps_split-buttons_pt02++.feat,1701,worked
sub-05,/home/fs0/xpsy1114/scratch/data/derivatives/sub-05/func/glm_fut-steps_split-buttons_pt02+.feat,3,failed
sub-05,/home/fs0/xpsy1114/scratch/data/derivatives/sub-05/func/glm_fut-steps_states_split-buttons_pt01.feat,3,failed
sub-05,/home/fs0/xpsy1114/scratch/data/derivatives/sub-05/func/glm_fut-steps_states_split-buttons_pt01++.feat,35,worked
sub-05,/home/fs0/xpsy1114/scratch/data/derivatives/sub-05/func/glm_fut-steps_states_split-buttons_pt01+.feat,3,failed
sub-05,/home/fs0/xpsy1114/scratch/data/derivatives/sub-05/func/glm_fut-steps_states_split-buttons_pt02.feat,3,failed
sub-05,/home/fs0/xpsy1114/scratch/data/derivatives/sub-05/func/glm_fut-steps_states_split-buttons_pt02++.feat,1853,worked
sub-05,/home/fs0/xpsy1114/scratch/data/derivatives/sub-05/func/glm_fut-steps_states_split-buttons_pt02+.feat,3,failed
sub-06,/home/fs0/xpsy1114/scratch/data/derivatives/sub-06/func/glm_all_paths-rews-split_buttons_pt01.feat,3,failed
sub-06,/home/fs0/xpsy1114/scratch/data/derivatives/sub-06/func/glm_all_paths-rews-split_buttons_pt01+.feat,3,failed
sub-06,/home/fs0/xpsy1114/scratch/data/derivatives/sub-06/func/glm_all_paths-rews-split_buttons_pt02.feat,3,failed
sub-06,/home/fs0/xpsy1114/scratch/data/derivatives/sub-06/func/glm_all_paths-rews-split_buttons_pt02+.feat,3,failed
sub-06,/home/fs0/xpsy1114/scratch/data/derivatives/sub-06/func/glm_all-rews-split_buttons_pt01.feat,1940,worked
sub-06,/home/fs0/xpsy1114/scratch/data/derivatives/sub-06/func/glm_all-rews-split_buttons_pt01+.feat,1940,worked
sub-06,/home/fs0/xpsy1114/scratch/data/derivatives/sub-06/func/glm_all-rews-split_buttons_pt02.feat,1949,worked
sub-06,/home/fs0/xpsy1114/scratch/data/derivatives/sub-06/func/glm_all-rews-split_buttons_pt02+.feat,1949,worked
sub-06,/home/fs0/xpsy1114/scratch/data/derivatives/sub-06/func/glm_fut-steps_split-buttons_pt01.feat,3,failed
sub-06,/home/fs0/xpsy1114/scratch/data/derivatives/sub-06/func/glm_fut-steps_split-buttons_pt01++.feat,1636,worked
sub-06,/home/fs0/xpsy1114/scratch/data/derivatives/sub-06/func/glm_fut-steps_split-buttons_pt01+.feat,3,failed
sub-06,/home/fs0/xpsy1114/scratch/data/derivatives/sub-06/func/glm_fut-steps_split-buttons_pt02.feat,3,failed
sub-06,/home/fs0/xpsy1114/scratch/data/derivatives/sub-06/func/glm_fut-steps_split-buttons_pt02++.feat,1645,worked
sub-06,/home/fs0/xpsy1114/scratch/data/derivatives/sub-06/func/glm_fut-steps_split-buttons_pt02+.feat,3,failed
sub-06,/home/fs0/xpsy1114/scratch/data/derivatives/sub-06/func/glm_fut-steps_states_split-buttons_pt01.feat,3,failed
sub-06,/home/fs0/xpsy1114/scratch/data/derivatives/sub-06/func/glm_fut-steps_states_split-buttons_pt01++.feat,1788,worked
sub-06,/home/fs0/xpsy1114/scratch/data/derivatives/sub-06/func/glm_fut-steps_states_split-buttons_pt01+.feat,3,failed
sub-06,/home/fs0/xpsy1114/scratch/data/derivatives/sub-06/func/glm_fut-steps_states_split-buttons_pt02.feat,3,failed
sub-06,/home/fs0/xpsy1114/scratch/data/derivatives/sub-06/func/glm_fut-steps_states_split-buttons_pt02++.feat,1797,worked
sub-06,/home/fs0/xpsy1114/scratch/data/derivatives/sub-06/func/glm_fut-steps_states_split-buttons_pt02+.feat,3,failed
sub-07,/home/fs0/xpsy1114/scratch/data/derivatives/sub-07/func/glm_all_paths-rews-split_buttons_pt01.feat,3,failed
sub-07,/home/fs0/xpsy1114/scratch/data/derivatives/sub-07/func/glm_all_paths-rews-split_buttons_pt01+.feat,3,failed
sub-07,/home/fs0/xpsy1114/scratch/data/derivatives/sub-07/func/glm_all_paths-rews-split_buttons_pt02.feat,3,failed
sub-07,/home/fs0/xpsy1114/scratch/data/derivatives/sub-07/func/glm_all_paths-rews-split_buttons_pt02+.feat,3,failed
sub-07,/home/fs0/xpsy1114/scratch/data/derivatives/sub-07/func/glm_all-rews-split_buttons_pt01.feat,1987,worked
sub-07,/home/fs0/xpsy1114/scratch/data/derivatives/sub-07/func/glm_all-rews-split_buttons_pt01+.feat,1987,worked
sub-07,/home/fs0/xpsy1114/scratch/data/derivatives/sub-07/func/glm_all-rews-split_buttons_pt02.feat,2003,worked
sub-07,/home/fs0/xpsy1114/scratch/data/derivatives/sub-07/func/glm_all-rews-split_buttons_pt02+.feat,2003,worked
sub-07,/home/fs0/xpsy1114/scratch/data/derivatives/sub-07/func/glm_fut-steps_split-buttons_pt01.feat,3,failed
sub-07,/home/fs0/xpsy1114/scratch/data/derivatives/sub-07/func/glm_fut-steps_split-buttons_pt01++.feat,1683,worked
sub-07,/home/fs0/xpsy1114/scratch/data/derivatives/sub-07/func/glm_fut-steps_split-buttons_pt01+.feat,3,failed
sub-07,/home/fs0/xpsy1114/scratch/data/derivatives/sub-07/func/glm_fut-steps_split-buttons_pt02.feat,3,failed
sub-07,/home/fs0/xpsy1114/scratch/data/derivatives/sub-07/func/glm_fut-steps_split-buttons_pt02++.feat,1699,worked
sub-07,/home/fs0/xpsy1114/scratch/data/derivatives/sub-07/func/glm_fut-steps_split-buttons_pt02+.feat,3,failed
sub-07,/home/fs0/xpsy1114/scratch/data/derivatives/sub-07/func/glm_fut-steps_states_split-buttons_pt01.feat,3,failed
sub-07,/home/fs0/xpsy1114/scratch/data/derivatives/sub-07/func/glm_fut-steps_states_split-buttons_pt01++.feat,1835,worked
sub-07,/home/fs0/xpsy1114/scratch/data/derivatives/sub-07/func/glm_fut-steps_states_split-buttons_pt01+.feat,3,failed
sub-07,/home/fs0/xpsy1114/scratch/data/derivatives/sub-07/func/glm_fut-steps_states_split-buttons_pt02.feat,3,failed
sub-07,/home/fs0/xpsy1114/scratch/data/derivatives/sub-07/func/glm_fut-steps_states_split-buttons_pt02++.feat,1851,worked
sub-07,/home/fs0/xpsy1114/scratch/data/derivatives/sub-07/func/glm_fut-steps_states_split-buttons_pt02+.feat,3,failed
sub-08,/home/fs0/xpsy1114/scratch/data/derivatives/sub-08/func/glm_all_paths-rews-split_buttons_pt01.feat,3,failed
sub-08,/home/fs0/xpsy1114/scratch/data/derivatives/sub-08/func/glm_all_paths-rews-split_buttons_pt01+.feat,3,failed
sub-08,/home/fs0/xpsy1114/scratch/data/derivatives/sub-08/func/glm_all_paths-rews-split_buttons_pt02.feat,3,failed
sub-08,/home/fs0/xpsy1114/scratch/data/derivatives/sub-08/func/glm_all_paths-rews-split_buttons_pt02+.feat,3,failed
sub-08,/home/fs0/xpsy1114/scratch/data/derivatives/sub-08/func/glm_all-rews-split_buttons_pt01.feat,1999,worked
sub-08,/home/fs0/xpsy1114/scratch/data/derivatives/sub-08/func/glm_all-rews-split_buttons_pt01+.feat,1999,worked
sub-08,/home/fs0/xpsy1114/scratch/data/derivatives/sub-08/func/glm_all-rews-split_buttons_pt02.feat,2014,worked
sub-08,/home/fs0/xpsy1114/scratch/data/derivatives/sub-08/func/glm_all-rews-split_buttons_pt02+.feat,2014,worked
sub-08,/home/fs0/xpsy1114/scratch/data/derivatives/sub-08/func/glm_fut-steps_split-buttons_pt01.feat,3,failed
sub-08,/home/fs0/xpsy1114/scratch/data/derivatives/sub-08/func/glm_fut-steps_split-buttons_pt01++.feat,1695,worked
sub-08,/home/fs0/xpsy1114/scratch/data/derivatives/sub-08/func/glm_fut-steps_split-buttons_pt01+.feat,3,failed
sub-08,/home/fs0/xpsy1114/scratch/data/derivatives/sub-08/func/glm_fut-steps_split-buttons_pt02.feat,3,failed
sub-08,/home/fs0/xpsy1114/scratch/data/derivatives/sub-08/func/glm_fut-steps_split-buttons_pt02++.feat,1710,worked
sub-08,/home/fs0/xpsy1114/scratch/data/derivatives/sub-08/func/glm_fut-steps_split-buttons_pt02+.feat,3,failed
sub-08,/home/fs0/xpsy1114/scratch/data/derivatives/sub-08/func/glm_fut-steps_states_split-buttons_pt01.feat,3,failed
sub-08,/home/fs0/xpsy1114/scratch/data/derivatives/sub-08/func/glm_fut-steps_states_split-buttons_pt01++.feat,1847,worked
sub-08,/home/fs0/xpsy1114/scratch/data/derivatives/sub-08/func/glm_fut-steps_states_split-buttons_pt01+.feat,3,failed
sub-08,/home/fs0/xpsy1114/scratch/data/derivatives/sub-08/func/glm_fut-steps_states_split-buttons_pt02.feat,3,failed
sub-08,/home/fs0/xpsy1114/scratch/data/derivatives/sub-08/func/glm_fut-steps_states_split-buttons_pt02++.feat,1862,worked
sub-08,/home/fs0/xpsy1114/scratch/data/derivatives/sub-08/func/glm_fut-steps_states_split-buttons_pt02+.feat,3,failed
sub-09,/home/fs0/xpsy1114/scratch/data/derivatives/sub-09/func/glm_all_paths-rews-split_buttons_pt01.feat,3,failed
sub-09,/home/fs0/xpsy1114/scratch/data/derivatives/sub-09/func/glm_all_paths-rews-split_buttons_pt01+.feat,3,failed
sub-09,/home/fs0/xpsy1114/scratch/data/derivatives/sub-09/func/glm_all_paths-rews-split_buttons_pt02.feat,3,failed
sub-09,/home/fs0/xpsy1114/scratch/data/derivatives/sub-09/func/glm_all_paths-rews-split_buttons_pt02+.feat,3,failed
sub-09,/home/fs0/xpsy1114/scratch/data/derivatives/sub-09/func/glm_all-rews-split_buttons_pt01.feat,2012,worked
sub-09,/home/fs0/xpsy1114/scratch/data/derivatives/sub-09/func/glm_all-rews-split_buttons_pt01+.feat,2008,worked
sub-09,/home/fs0/xpsy1114/scratch/data/derivatives/sub-09/func/glm_all-rews-split_buttons_pt02.feat,2023,worked
sub-09,/home/fs0/xpsy1114/scratch/data/derivatives/sub-09/func/glm_all-rews-split_buttons_pt02+.feat,2023,worked
sub-09,/home/fs0/xpsy1114/scratch/data/derivatives/sub-09/func/glm_fut-steps_split-buttons_pt01.feat,3,failed
sub-09,/home/fs0/xpsy1114/scratch/data/derivatives/sub-09/func/glm_fut-steps_split-buttons_pt01++++.feat,1704,worked
sub-09,/home/fs0/xpsy1114/scratch/data/derivatives/sub-09/func/glm_fut-steps_split-buttons_pt01+++.feat,3,failed
sub-09,/home/fs0/xpsy1114/scratch/data/derivatives/sub-09/func/glm_fut-steps_split-buttons_pt01++.feat,189,worked
sub-09,/home/fs0/xpsy1114/scratch/data/derivatives/sub-09/func/glm_fut-steps_split-buttons_pt01+.feat,189,worked
sub-09,/home/fs0/xpsy1114/scratch/data/derivatives/sub-09/func/glm_fut-steps_split-buttons_pt02.feat,3,failed
sub-09,/home/fs0/xpsy1114/scratch/data/derivatives/sub-09/func/glm_fut-steps_split-buttons_pt02++.feat,1719,worked
sub-09,/home/fs0/xpsy1114/scratch/data/derivatives/sub-09/func/glm_fut-steps_split-buttons_pt02+.feat,3,failed
sub-09,/home/fs0/xpsy1114/scratch/data/derivatives/sub-09/func/glm_fut-steps_states_split-buttons_pt01.feat,3,failed
sub-09,/home/fs0/xpsy1114/scratch/data/derivatives/sub-09/func/glm_fut-steps_states_split-buttons_pt01++.feat,1856,worked
sub-09,/home/fs0/xpsy1114/scratch/data/derivatives/sub-09/func/glm_fut-steps_states_split-buttons_pt01+.feat,3,failed
sub-09,/home/fs0/xpsy1114/scratch/data/derivatives/sub-09/func/glm_fut-steps_states_split-buttons_pt02.feat,3,failed
sub-09,/home/fs0/xpsy1114/scratch/data/derivatives/sub-09/func/glm_fut-steps_states_split-buttons_pt02++.feat,1871,worked
sub-09,/home/fs0/xpsy1114/scratch/data/derivatives/sub-09/func/glm_fut-steps_states_split-buttons_pt02+.feat,3,failed
sub-10,/home/fs0/xpsy1114/scratch/data/derivatives/sub-10/func/glm_all_paths-rews-split_buttons_pt01.feat,3,failed
sub-10,/home/fs0/xpsy1114/scratch/data/derivatives/sub-10/func/glm_all_paths-rews-split_buttons_pt01+.feat,3,failed
sub-10,/home/fs0/xpsy1114/scratch/data/derivatives/sub-10/func/glm_all_paths-rews-split_buttons_pt02.feat,3,failed
sub-10,/home/fs0/xpsy1114/scratch/data/derivatives/sub-10/func/glm_all_paths-rews-split_buttons_pt02+.feat,3,failed
sub-10,/home/fs0/xpsy1114/scratch/data/derivatives/sub-10/func/glm_all-rews-split_buttons_pt01.feat,1927,worked
sub-10,/home/fs0/xpsy1114/scratch/data/derivatives/sub-10/func/glm_all-rews-split_buttons_pt01+.feat,1927,worked
sub-10,/home/fs0/xpsy1114/scratch/data/derivatives/sub-10/func/glm_all-rews-split_buttons_pt02.feat,1964,worked
sub-10,/home/fs0/xpsy1114/scratch/data/derivatives/sub-10/func/glm_all-rews-split_buttons_pt02+.feat,1964,worked
sub-10,/home/fs0/xpsy1114/scratch/data/derivatives/sub-10/func/glm_fut-steps_split-buttons_pt01.feat,3,failed
sub-10,/home/fs0/xpsy1114/scratch/data/derivatives/sub-10/func/glm_fut-steps_split-buttons_pt01++.feat,1659,worked
sub-10,/home/fs0/xpsy1114/scratch/data/derivatives/sub-10/func/glm_fut-steps_split-buttons_pt01+.feat,3,failed
sub-10,/home/fs0/xpsy1114/scratch/data/derivatives/sub-10/func/glm_fut-steps_split-buttons_pt02.feat,3,failed
sub-10,/home/fs0/xpsy1114/scratch/data/derivatives/sub-10/func/glm_fut-steps_split-buttons_pt02++.feat,1660,worked
sub-10,/home/fs0/xpsy1114/scratch/data/derivatives/sub-10/func/glm_fut-steps_split-buttons_pt02+.feat,3,failed
sub-10,/home/fs0/xpsy1114/scratch/data/derivatives/sub-10/func/glm_fut-steps_states_split-buttons_pt01.feat,3,failed
sub-10,/home/fs0/xpsy1114/scratch/data/derivatives/sub-10/func/glm_fut-steps_states_split-buttons_pt01++.feat,1849,worked
sub-10,/home/fs0/xpsy1114/scratch/data/derivatives/sub-10/func/glm_fut-steps_states_split-buttons_pt01+.feat,3,failed
sub-10,/home/fs0/xpsy1114/scratch/data/derivatives/sub-10/func/glm_fut-steps_states_split-buttons_pt02.feat,3,failed
sub-10,/home/fs0/xpsy1114/scratch/data/derivatives/sub-10/func/glm_fut-steps_states_split-buttons_pt02++.feat,1812,worked
sub-10,/home/fs0/xpsy1114/scratch/data/derivatives/sub-10/func/glm_fut-steps_states_split-buttons_pt02+.feat,3,failed
sub-11,/home/fs0/xpsy1114/scratch/data/derivatives/sub-11/func/glm_all_paths-rews-split_buttons_pt01.feat,3,failed
sub-11,/home/fs0/xpsy1114/scratch/data/derivatives/sub-11/func/glm_all_paths-rews-split_buttons_pt01+.feat,3,failed
sub-11,/home/fs0/xpsy1114/scratch/data/derivatives/sub-11/func/glm_all_paths-rews-split_buttons_pt02.feat,3,failed
sub-11,/home/fs0/xpsy1114/scratch/data/derivatives/sub-11/func/glm_all_paths-rews-split_buttons_pt02+.feat,3,failed
sub-11,/home/fs0/xpsy1114/scratch/data/derivatives/sub-11/func/glm_all-rews-split_buttons_pt01.feat,2000,worked
sub-11,/home/fs0/xpsy1114/scratch/data/derivatives/sub-11/func/glm_all-rews-split_buttons_pt01+.feat,2000,worked
sub-11,/home/fs0/xpsy1114/scratch/data/derivatives/sub-11/func/glm_all-rews-split_buttons_pt02.feat,1968,worked
sub-11,/home/fs0/xpsy1114/scratch/data/derivatives/sub-11/func/glm_all-rews-split_buttons_pt02+.feat,1968,worked
sub-11,/home/fs0/xpsy1114/scratch/data/derivatives/sub-11/func/glm_fut-steps_split-buttons_pt01.feat,3,failed
sub-11,/home/fs0/xpsy1114/scratch/data/derivatives/sub-11/func/glm_fut-steps_split-buttons_pt01++.feat,1696,worked
sub-11,/home/fs0/xpsy1114/scratch/data/derivatives/sub-11/func/glm_fut-steps_split-buttons_pt01+.feat,3,failed
sub-11,/home/fs0/xpsy1114/scratch/data/derivatives/sub-11/func/glm_fut-steps_split-buttons_pt02.feat,3,failed
sub-11,/home/fs0/xpsy1114/scratch/data/derivatives/sub-11/func/glm_fut-steps_split-buttons_pt02++.feat,1664,worked
sub-11,/home/fs0/xpsy1114/scratch/data/derivatives/sub-11/func/glm_fut-steps_split-buttons_pt02+.feat,3,failed
sub-11,/home/fs0/xpsy1114/scratch/data/derivatives/sub-11/func/glm_fut-steps_states_split-buttons_pt01.feat,3,failed
sub-11,/home/fs0/xpsy1114/scratch/data/derivatives/sub-11/func/glm_fut-steps_states_split-buttons_pt01++.feat,1848,worked
sub-11,/home/fs0/xpsy1114/scratch/data/derivatives/sub-11/func/glm_fut-steps_states_split-buttons_pt01+.feat,3,failed
sub-11,/home/fs0/xpsy1114/scratch/data/derivatives/sub-11/func/glm_fut-steps_states_split-buttons_pt02.feat,3,failed
sub-11,/home/fs0/xpsy1114/scratch/data/derivatives/sub-11/func/glm_fut-steps_states_split-buttons_pt02++.feat,1816,worked
sub-11,/home/fs0/xpsy1114/scratch/data/derivatives/sub-11/func/glm_fut-steps_states_split-buttons_pt02+.feat,3,failed
sub-12,/home/fs0/xpsy1114/scratch/data/derivatives/sub-12/func/glm_all_paths-rews-split_buttons_pt01.feat,3,failed
sub-12,/home/fs0/xpsy1114/scratch/data/derivatives/sub-12/func/glm_all_paths-rews-split_buttons_pt01+.feat,3,failed
sub-12,/home/fs0/xpsy1114/scratch/data/derivatives/sub-12/func/glm_all_paths-rews-split_buttons_pt02.feat,3,failed
sub-12,/home/fs0/xpsy1114/scratch/data/derivatives/sub-12/func/glm_all_paths-rews-split_buttons_pt02+.feat,3,failed
sub-12,/home/fs0/xpsy1114/scratch/data/derivatives/sub-12/func/glm_all-rews-split_buttons_pt01.feat,2042,worked
sub-12,/home/fs0/xpsy1114/scratch/data/derivatives/sub-12/func/glm_all-rews-split_buttons_pt01+.feat,2042,worked
sub-12,/home/fs0/xpsy1114/scratch/data/derivatives/sub-12/func/glm_all-rews-split_buttons_pt02.feat,2032,worked
sub-12,/home/fs0/xpsy1114/scratch/data/derivatives/sub-12/func/glm_all-rews-split_buttons_pt02+.feat,2032,worked
sub-12,/home/fs0/xpsy1114/scratch/data/derivatives/sub-12/func/glm_fut-steps_split-buttons_pt01.feat,3,failed
sub-12,/home/fs0/xpsy1114/scratch/data/derivatives/sub-12/func/glm_fut-steps_split-buttons_pt01++.feat,1738,worked
sub-12,/home/fs0/xpsy1114/scratch/data/derivatives/sub-12/func/glm_fut-steps_split-buttons_pt01+.feat,3,failed
sub-12,/home/fs0/xpsy1114/scratch/data/derivatives/sub-12/func/glm_fut-steps_split-buttons_pt02.feat,3,failed
sub-12,/home/fs0/xpsy1114/scratch/data/derivatives/sub-12/func/glm_fut-steps_split-buttons_pt02++.feat,1728,worked
sub-12,/home/fs0/xpsy1114/scratch/data/derivatives/sub-12/func/glm_fut-steps_split-buttons_pt02+.feat,3,failed
sub-12,/home/fs0/xpsy1114/scratch/data/derivatives/sub-12/func/glm_fut-steps_states_split-buttons_pt01.feat,3,failed
sub-12,/home/fs0/xpsy1114/scratch/data/derivatives/sub-12/func/glm_fut-steps_states_split-buttons_pt01++.feat,1890,worked
sub-12,/home/fs0/xpsy1114/scratch/data/derivatives/sub-12/func/glm_fut-steps_states_split-buttons_pt01+.feat,3,failed
sub-12,/home/fs0/xpsy1114/scratch/data/derivatives/sub-12/func/glm_fut-steps_states_split-buttons_pt02.feat,3,failed
sub-12,/home/fs0/xpsy1114/scratch/data/derivatives/sub-12/func/glm_fut-steps_states_split-buttons_pt02++.feat,1880,worked
sub-12,/home/fs0/xpsy1114/scratch/data/derivatives/sub-12/func/glm_fut-steps_states_split-buttons_pt02+.feat,3,failed
sub-13,/home/fs0/xpsy1114/scratch/data/derivatives/sub-13/func/glm_all_paths-rews-split_buttons_pt01.feat,3,failed
sub-13,/home/fs0/xpsy1114/scratch/data/derivatives/sub-13/func/glm_all_paths-rews-split_buttons_pt01+.feat,3,failed
sub-13,/home/fs0/xpsy1114/scratch/data/derivatives/sub-13/func/glm_all_paths-rews-split_buttons_pt02.feat,3,failed
sub-13,/home/fs0/xpsy1114/scratch/data/derivatives/sub-13/func/glm_all_paths-rews-split_buttons_pt02+.feat,3,failed
sub-13,/home/fs0/xpsy1114/scratch/data/derivatives/sub-13/func/glm_all-rews-split_buttons_pt01.feat,2051,worked
sub-13,/home/fs0/xpsy1114/scratch/data/derivatives/sub-13/func/glm_all-rews-split_buttons_pt01+.feat,2051,worked
sub-13,/home/fs0/xpsy1114/scratch/data/derivatives/sub-13/func/glm_all-rews-split_buttons_pt02.feat,2026,worked
sub-13,/home/fs0/xpsy1114/scratch/data/derivatives/sub-13/func/glm_all-rews-split_buttons_pt02+.feat,2026,worked
sub-13,/home/fs0/xpsy1114/scratch/data/derivatives/sub-13/func/glm_fut-steps_split-buttons_pt01.feat,3,failed
sub-13,/home/fs0/xpsy1114/scratch/data/derivatives/sub-13/func/glm_fut-steps_split-buttons_pt01++.feat,1747,worked
sub-13,/home/fs0/xpsy1114/scratch/data/derivatives/sub-13/func/glm_fut-steps_split-buttons_pt01+.feat,3,failed
sub-13,/home/fs0/xpsy1114/scratch/data/derivatives/sub-13/func/glm_fut-steps_split-buttons_pt02.feat,3,failed
sub-13,/home/fs0/xpsy1114/scratch/data/derivatives/sub-13/func/glm_fut-steps_split-buttons_pt02++.feat,1722,worked
sub-13,/home/fs0/xpsy1114/scratch/data/derivatives/sub-13/func/glm_fut-steps_split-buttons_pt02+.feat,3,failed
sub-13,/home/fs0/xpsy1114/scratch/data/derivatives/sub-13/func/glm_fut-steps_states_split-buttons_pt01.feat,3,failed
sub-13,/home/fs0/xpsy1114/scratch/data/derivatives/sub-13/func/glm_fut-steps_states_split-buttons_pt01++.feat,1899,worked
sub-13,/home/fs0/xpsy1114/scratch/data/derivatives/sub-13/func/glm_fut-steps_states_split-buttons_pt01+.feat,3,failed
sub-13,/home/fs0/xpsy1114/scratch/data/derivatives/sub-13/func/glm_fut-steps_states_split-buttons_pt02.feat,3,failed
sub-13,/home/fs0/xpsy1114/scratch/data/derivatives/sub-13/func/glm_fut-steps_states_split-buttons_pt02++.feat,1874,worked
sub-13,/home/fs0/xpsy1114/scratch/data/derivatives/sub-13/func/glm_fut-steps_states_split-buttons_pt02+.feat,3,failed
sub-14,/home/fs0/xpsy1114/scratch/data/derivatives/sub-14/func/glm_all_paths-rews-split_buttons_pt01.feat,3,failed
sub-14,/home/fs0/xpsy1114/scratch/data/derivatives/sub-14/func/glm_all_paths-rews-split_buttons_pt01+.feat,3,failed
sub-14,/home/fs0/xpsy1114/scratch/data/derivatives/sub-14/func/glm_all_paths-rews-split_buttons_pt02.feat,3,failed
sub-14,/home/fs0/xpsy1114/scratch/data/derivatives/sub-14/func/glm_all_paths-rews-split_buttons_pt02+.feat,3,failed
sub-14,/home/fs0/xpsy1114/scratch/data/derivatives/sub-14/func/glm_all-rews-split_buttons_pt01.feat,151,worked
sub-14,/home/fs0/xpsy1114/scratch/data/derivatives/sub-14/func/glm_all-rews-split_buttons_pt01+.feat,2033,worked
sub-14,/home/fs0/xpsy1114/scratch/data/derivatives/sub-14/func/glm_all-rews-split_buttons_pt02.feat,2001,worked
sub-14,/home/fs0/xpsy1114/scratch/data/derivatives/sub-14/func/glm_all-rews-split_buttons_pt02+.feat,2001,worked
sub-14,/home/fs0/xpsy1114/scratch/data/derivatives/sub-14/func/glm_fut-steps_split-buttons_pt01.feat,3,failed
sub-14,/home/fs0/xpsy1114/scratch/data/derivatives/sub-14/func/glm_fut-steps_split-buttons_pt01++.feat,1729,worked
sub-14,/home/fs0/xpsy1114/scratch/data/derivatives/sub-14/func/glm_fut-steps_split-buttons_pt01+.feat,3,failed
sub-14,/home/fs0/xpsy1114/scratch/data/derivatives/sub-14/func/glm_fut-steps_split-buttons_pt02.feat,3,failed
sub-14,/home/fs0/xpsy1114/scratch/data/derivatives/sub-14/func/glm_fut-steps_split-buttons_pt02++.feat,1697,worked
sub-14,/home/fs0/xpsy1114/scratch/data/derivatives/sub-14/func/glm_fut-steps_split-buttons_pt02+.feat,3,failed
sub-14,/home/fs0/xpsy1114/scratch/data/derivatives/sub-14/func/glm_fut-steps_states_split-buttons_pt01.feat,3,failed
sub-14,/home/fs0/xpsy1114/scratch/data/derivatives/sub-14/func/glm_fut-steps_states_split-buttons_pt01++.feat,1881,worked
sub-14,/home/fs0/xpsy1114/scratch/data/derivatives/sub-14/func/glm_fut-steps_states_split-buttons_pt01+.feat,3,failed
sub-14,/home/fs0/xpsy1114/scratch/data/derivatives/sub-14/func/glm_fut-steps_states_split-buttons_pt02.feat,3,failed
sub-14,/home/fs0/xpsy1114/scratch/data/derivatives/sub-14/func/glm_fut-steps_states_split-buttons_pt02++.feat,1849,worked
sub-14,/home/fs0/xpsy1114/scratch/data/derivatives/sub-14/func/glm_fut-steps_states_split-buttons_pt02+.feat,3,failed
sub-15,/home/fs0/xpsy1114/scratch/data/derivatives/sub-15/func/glm_all_paths-rews-split_buttons_pt01.feat,3,failed
sub-15,/home/fs0/xpsy1114/scratch/data/derivatives/sub-15/func/glm_all_paths-rews-split_buttons_pt01+.feat,3,failed
sub-15,/home/fs0/xpsy1114/scratch/data/derivatives/sub-15/func/glm_all_paths-rews-split_buttons_pt02.feat,3,failed
sub-15,/home/fs0/xpsy1114/scratch/data/derivatives/sub-15/func/glm_all_paths-rews-split_buttons_pt02+.feat,3,failed
sub-15,/home/fs0/xpsy1114/scratch/data/derivatives/sub-15/func/glm_all-rews-split_buttons_pt01.feat,2023,worked
sub-15,/home/fs0/xpsy1114/scratch/data/derivatives/sub-15/func/glm_all-rews-split_buttons_pt01+.feat,2023,worked
sub-15,/home/fs0/xpsy1114/scratch/data/derivatives/sub-15/func/glm_all-rews-split_buttons_pt02.feat,2015,worked
sub-15,/home/fs0/xpsy1114/scratch/data/derivatives/sub-15/func/glm_all-rews-split_buttons_pt02+.feat,2015,worked
sub-15,/home/fs0/xpsy1114/scratch/data/derivatives/sub-15/func/glm_fut-steps_split-buttons_pt01.feat,3,failed
sub-15,/home/fs0/xpsy1114/scratch/data/derivatives/sub-15/func/glm_fut-steps_split-buttons_pt01++.feat,1719,worked
sub-15,/home/fs0/xpsy1114/scratch/data/derivatives/sub-15/func/glm_fut-steps_split-buttons_pt01+.feat,3,failed
sub-15,/home/fs0/xpsy1114/scratch/data/derivatives/sub-15/func/glm_fut-steps_split-buttons_pt02.feat,3,failed
sub-15,/home/fs0/xpsy1114/scratch/data/derivatives/sub-15/func/glm_fut-steps_split-buttons_pt02++.feat,1711,worked
sub-15,/home/fs0/xpsy1114/scratch/data/derivatives/sub-15/func/glm_fut-steps_split-buttons_pt02+.feat,3,failed
sub-15,/home/fs0/xpsy1114/scratch/data/derivatives/sub-15/func/glm_fut-steps_states_split-buttons_pt01.feat,3,failed
sub-15,/home/fs0/xpsy1114/scratch/data/derivatives/sub-15/func/glm_fut-steps_states_split-buttons_pt01++.feat,1871,worked
sub-15,/home/fs0/xpsy1114/scratch/data/derivatives/sub-15/func/glm_fut-steps_states_split-buttons_pt01+.feat,3,failed
sub-15,/home/fs0/xpsy1114/scratch/data/derivatives/sub-15/func/glm_fut-steps_states_split-buttons_pt02.feat,3,failed
sub-15,/home/fs0/xpsy1114/scratch/data/derivatives/sub-15/func/glm_fut-steps_states_split-buttons_pt02++.feat,1863,worked
sub-15,/home/fs0/xpsy1114/scratch/data/derivatives/sub-15/func/glm_fut-steps_states_split-buttons_pt02+.feat,3,failed
sub-16,/home/fs0/xpsy1114/scratch/data/derivatives/sub-16/func/glm_all_paths-rews-split_buttons_pt01.feat,3,failed
sub-16,/home/fs0/xpsy1114/scratch/data/derivatives/sub-16/func/glm_all_paths-rews-split_buttons_pt01+.feat,3,failed
sub-16,/home/fs0/xpsy1114/scratch/data/derivatives/sub-16/func/glm_all_paths-rews-split_buttons_pt02.feat,3,failed
sub-16,/home/fs0/xpsy1114/scratch/data/derivatives/sub-16/func/glm_all_paths-rews-split_buttons_pt02+.feat,3,failed
sub-16,/home/fs0/xpsy1114/scratch/data/derivatives/sub-16/func/glm_all-rews-split_buttons_pt01.feat,2031,worked
sub-16,/home/fs0/xpsy1114/scratch/data/derivatives/sub-16/func/glm_all-rews-split_buttons_pt01+.feat,2031,worked
sub-16,/home/fs0/xpsy1114/scratch/data/derivatives/sub-16/func/glm_all-rews-split_buttons_pt02.feat,2034,worked
sub-16,/home/fs0/xpsy1114/scratch/data/derivatives/sub-16/func/glm_all-rews-split_buttons_pt02+.feat,2034,worked
sub-16,/home/fs0/xpsy1114/scratch/data/derivatives/sub-16/func/glm_fut-steps_split-buttons_pt01.feat,3,failed
sub-16,/home/fs0/xpsy1114/scratch/data/derivatives/sub-16/func/glm_fut-steps_split-buttons_pt01++.feat,1727,worked
sub-16,/home/fs0/xpsy1114/scratch/data/derivatives/sub-16/func/glm_fut-steps_split-buttons_pt01+.feat,3,failed
sub-16,/home/fs0/xpsy1114/scratch/data/derivatives/sub-16/func/glm_fut-steps_split-buttons_pt02.feat,3,failed
sub-16,/home/fs0/xpsy1114/scratch/data/derivatives/sub-16/func/glm_fut-steps_split-buttons_pt02++.feat,1730,worked
sub-16,/home/fs0/xpsy1114/scratch/data/derivatives/sub-16/func/glm_fut-steps_split-buttons_pt02+.feat,3,failed
sub-16,/home/fs0/xpsy1114/scratch/data/derivatives/sub-16/func/glm_fut-steps_states_split-buttons_pt01.feat,3,failed
sub-16,/home/fs0/xpsy1114/scratch/data/derivatives/sub-16/func/glm_fut-steps_states_split-buttons_pt01++.feat,1879,worked
sub-16,/home/fs0/xpsy1114/scratch/data/derivatives/sub-16/func/glm_fut-steps_states_split-buttons_pt01+.feat,3,failed
sub-16,/home/fs0/xpsy1114/scratch/data/derivatives/sub-16/func/glm_fut-steps_states_split-buttons_pt02.feat,3,failed
sub-16,/home/fs0/xpsy1114/scratch/data/derivatives/sub-16/func/glm_fut-steps_states_split-buttons_pt02++.feat,1882,worked
sub-16,/home/fs0/xpsy1114/scratch/data/derivatives/sub-16/func/glm_fut-steps_states_split-buttons_pt02+.feat,3,failed
sub-17,/home/fs0/xpsy1114/scratch/data/derivatives/sub-17/func/glm_all_paths-rews-split_buttons_pt01.feat,3,failed
sub-17,/home/fs0/xpsy1114/scratch/data/derivatives/sub-17/func/glm_all_paths-rews-split_buttons_pt01+.feat,3,failed
sub-17,/home/fs0/xpsy1114/scratch/data/derivatives/sub-17/func/glm_all_paths-rews-split_buttons_pt02.feat,3,failed
sub-17,/home/fs0/xpsy1114/scratch/data/derivatives/sub-17/func/glm_all_paths-rews-split_buttons_pt02+.feat,3,failed
sub-17,/home/fs0/xpsy1114/scratch/data/derivatives/sub-17/func/glm_all-rews-split_buttons_pt01.feat,2048,worked
sub-17,/home/fs0/xpsy1114/scratch/data/derivatives/sub-17/func/glm_all-rews-split_buttons_pt01+.feat,2048,worked
sub-17,/home/fs0/xpsy1114/scratch/data/derivatives/sub-17/func/glm_all-rews-split_buttons_pt02.feat,2009,worked
sub-17,/home/fs0/xpsy1114/scratch/data/derivatives/sub-17/func/glm_all-rews-split_buttons_pt02+.feat,2009,worked
sub-17,/home/fs0/xpsy1114/scratch/data/derivatives/sub-17/func/glm_fut-steps_split-buttons_pt01.feat,3,failed
sub-17,/home/fs0/xpsy1114/scratch/data/derivatives/sub-17/func/glm_fut-steps_split-buttons_pt01++.feat,1744,worked
sub-17,/home/fs0/xpsy1114/scratch/data/derivatives/sub-17/func/glm_fut-steps_split-buttons_pt01+.feat,3,failed
sub-17,/home/fs0/xpsy1114/scratch/data/derivatives/sub-17/func/glm_fut-steps_split-buttons_pt02.feat,3,failed
sub-17,/home/fs0/xpsy1114/scratch/data/derivatives/sub-17/func/glm_fut-steps_split-buttons_pt02++.feat,1705,worked
sub-17,/home/fs0/xpsy1114/scratch/data/derivatives/sub-17/func/glm_fut-steps_split-buttons_pt02+.feat,3,failed
sub-17,/home/fs0/xpsy1114/scratch/data/derivatives/sub-17/func/glm_fut-steps_states_split-buttons_pt01.feat,3,failed
sub-17,/home/fs0/xpsy1114/scratch/data/derivatives/sub-17/func/glm_fut-steps_states_split-buttons_pt01++.feat,1896,worked
sub-17,/home/fs0/xpsy1114/scratch/data/derivatives/sub-17/func/glm_fut-steps_states_split-buttons_pt01+.feat,3,failed
sub-17,/home/fs0/xpsy1114/scratch/data/derivatives/sub-17/func/glm_fut-steps_states_split-buttons_pt02.feat,3,failed
sub-17,/home/fs0/xpsy1114/scratch/data/derivatives/sub-17/func/glm_fut-steps_states_split-buttons_pt02++.feat,1857,worked
sub-17,/home/fs0/xpsy1114/scratch/data/derivatives/sub-17/func/glm_fut-steps_states_split-buttons_pt02+.feat,3,failed
sub-18,/home/fs0/xpsy1114/scratch/data/derivatives/sub-18/func/glm_all_paths-rews-split_buttons_pt01.feat,3,failed
sub-18,/home/fs0/xpsy1114/scratch/data/derivatives/sub-18/func/glm_all_paths-rews-split_buttons_pt01+.feat,3,failed
sub-18,/home/fs0/xpsy1114/scratch/data/derivatives/sub-18/func/glm_all_paths-rews-split_buttons_pt02.feat,3,failed
sub-18,/home/fs0/xpsy1114/scratch/data/derivatives/sub-18/func/glm_all_paths-rews-split_buttons_pt02+.feat,3,failed
sub-18,/home/fs0/xpsy1114/scratch/data/derivatives/sub-18/func/glm_all-rews-split_buttons_pt01.feat,2004,worked
sub-18,/home/fs0/xpsy1114/scratch/data/derivatives/sub-18/func/glm_all-rews-split_buttons_pt01+.feat,2004,worked
sub-18,/home/fs0/xpsy1114/scratch/data/derivatives/sub-18/func/glm_all-rews-split_buttons_pt02.feat,2011,worked
sub-18,/home/fs0/xpsy1114/scratch/data/derivatives/sub-18/func/glm_all-rews-split_buttons_pt02+.feat,2011,worked
sub-18,/home/fs0/xpsy1114/scratch/data/derivatives/sub-18/func/glm_fut-steps_split-buttons_pt01.feat,3,failed
sub-18,/home/fs0/xpsy1114/scratch/data/derivatives/sub-18/func/glm_fut-steps_split-buttons_pt01++.feat,1700,worked
sub-18,/home/fs0/xpsy1114/scratch/data/derivatives/sub-18/func/glm_fut-steps_split-buttons_pt01+.feat,3,failed
sub-18,/home/fs0/xpsy1114/scratch/data/derivatives/sub-18/func/glm_fut-steps_split-buttons_pt02.feat,3,failed
sub-18,/home/fs0/xpsy1114/scratch/data/derivatives/sub-18/func/glm_fut-steps_split-buttons_pt02++.feat,1707,worked
sub-18,/home/fs0/xpsy1114/scratch/data/derivatives/sub-18/func/glm_fut-steps_split-buttons_pt02+.feat,3,failed
sub-18,/home/fs0/xpsy1114/scratch/data/derivatives/sub-18/func/glm_fut-steps_states_split-buttons_pt01.feat,3,failed
sub-18,/home/fs0/xpsy1114/scratch/data/derivatives/sub-18/func/glm_fut-steps_states_split-buttons_pt01++.feat,1852,worked
sub-18,/home/fs0/xpsy1114/scratch/data/derivatives/sub-18/func/glm_fut-steps_states_split-buttons_pt01+.feat,3,failed
sub-18,/home/fs0/xpsy1114/scratch/data/derivatives/sub-18/func/glm_fut-steps_states_split-buttons_pt02.feat,3,failed
sub-18,/home/fs0/xpsy1114/scratch/data/derivatives/sub-18/func/glm_fut-steps_states_split-buttons_pt02++.feat,1859,worked
sub-18,/home/fs0/xpsy1114/scratch/data/derivatives/sub-18/func/glm_fut-steps_states_split-buttons_pt02+.feat,3,failed
sub-19,/home/fs0/xpsy1114/scratch/data/derivatives/sub-19/func/glm_all_paths-rews-split_buttons_pt01.feat,3,failed
sub-19,/home/fs0/xpsy1114/scratch/data/derivatives/sub-19/func/glm_all_paths-rews-split_buttons_pt01+.feat,3,failed
sub-19,/home/fs0/xpsy1114/scratch/data/derivatives/sub-19/func/glm_all_paths-rews-split_buttons_pt02.feat,3,failed
sub-19,/home/fs0/xpsy1114/scratch/data/derivatives/sub-19/func/glm_all_paths-rews-split_buttons_pt02+.feat,3,failed
sub-19,/home/fs0/xpsy1114/scratch/data/derivatives/sub-19/func/glm_all-rews-split_buttons_pt01.feat,151,worked
sub-19,/home/fs0/xpsy1114/scratch/data/derivatives/sub-19/func/glm_all-rews-split_buttons_pt01+.feat,2062,worked
sub-19,/home/fs0/xpsy1114/scratch/data/derivatives/sub-19/func/glm_all-rews-split_buttons_pt02.feat,2033,worked
sub-19,/home/fs0/xpsy1114/scratch/data/derivatives/sub-19/func/glm_all-rews-split_buttons_pt02+.feat,2033,worked
sub-19,/home/fs0/xpsy1114/scratch/data/derivatives/sub-19/func/glm_fut-steps_split-buttons_pt01.feat,3,failed
sub-19,/home/fs0/xpsy1114/scratch/data/derivatives/sub-19/func/glm_fut-steps_split-buttons_pt01++.feat,1758,worked
sub-19,/home/fs0/xpsy1114/scratch/data/derivatives/sub-19/func/glm_fut-steps_split-buttons_pt01+.feat,3,failed
sub-19,/home/fs0/xpsy1114/scratch/data/derivatives/sub-19/func/glm_fut-steps_split-buttons_pt02.feat,3,failed
sub-19,/home/fs0/xpsy1114/scratch/data/derivatives/sub-19/func/glm_fut-steps_split-buttons_pt02++.feat,1729,worked
sub-19,/home/fs0/xpsy1114/scratch/data/derivatives/sub-19/func/glm_fut-steps_split-buttons_pt02+.feat,3,failed
sub-19,/home/fs0/xpsy1114/scratch/data/derivatives/sub-19/func/glm_fut-steps_states_split-buttons_pt01.feat,3,failed
sub-19,/home/fs0/xpsy1114/scratch/data/derivatives/sub-19/func/glm_fut-steps_states_split-buttons_pt01++.feat,1910,worked
sub-19,/home/fs0/xpsy1114/scratch/data/derivatives/sub-19/func/glm_fut-steps_states_split-buttons_pt01+.feat,3,failed
sub-19,/home/fs0/xpsy1114/scratch/data/derivatives/sub-19/func/glm_fut-steps_states_split-buttons_pt02.feat,3,failed
sub-19,/home/fs0/xpsy1114/scratch/data/derivatives/sub-19/func/glm_fut-steps_states_split-buttons_pt02++.feat,1881,worked
sub-19,/home/fs0/xpsy1114/scratch/data/derivatives/sub-19/func/glm_fut-steps_states_split-buttons_pt02+.feat,3,failed
sub-20,/home/fs0/xpsy1114/scratch/data/derivatives/sub-20/func/glm_all_paths-rews-split_buttons_pt01.feat,3,failed
sub-20,/home/fs0/xpsy1114/scratch/data/derivatives/sub-20/func/glm_all_paths-rews-split_buttons_pt01+.feat,3,failed
sub-20,/home/fs0/xpsy1114/scratch/data/derivatives/sub-20/func/glm_all_paths-rews-split_buttons_pt02.feat,3,failed
sub-20,/home/fs0/xpsy1114/scratch/data/derivatives/sub-20/func/glm_all_paths-rews-split_buttons_pt02+.feat,3,failed
sub-20,/home/fs0/xpsy1114/scratch/data/derivatives/sub-20/func/glm_all-rews-split_buttons_pt01.feat,2014,worked
sub-20,/home/fs0/xpsy1114/scratch/data/derivatives/sub-20/func/glm_all-rews-split_buttons_pt01+.feat,2014,worked
sub-20,/home/fs0/xpsy1114/scratch/data/derivatives/sub-20/func/glm_all-rews-split_buttons_pt02.feat,2001,worked
sub-20,/home/fs0/xpsy1114/scratch/data/derivatives/sub-20/func/glm_all-rews-split_buttons_pt02+.feat,2001,worked
sub-20,/home/fs0/xpsy1114/scratch/data/derivatives/sub-20/func/glm_fut-steps_split-buttons_pt01.feat,3,failed
sub-20,/home/fs0/xpsy1114/scratch/data/derivatives/sub-20/func/glm_fut-steps_split-buttons_pt01++.feat,1710,worked
sub-20,/home/fs0/xpsy1114/scratch/data/derivatives/sub-20/func/glm_fut-steps_split-buttons_pt01+.feat,3,failed
sub-20,/home/fs0/xpsy1114/scratch/data/derivatives/sub-20/func/glm_fut-steps_split-buttons_pt02.feat,3,failed
sub-20,/home/fs0/xpsy1114/scratch/data/derivatives/sub-20/func/glm_fut-steps_split-buttons_pt02++.feat,1697,worked
sub-20,/home/fs0/xpsy1114/scratch/data/derivatives/sub-20/func/glm_fut-steps_split-buttons_pt02+.feat,3,failed
sub-20,/home/fs0/xpsy1114/scratch/data/derivatives/sub-20/func/glm_fut-steps_states_split-buttons_pt01.feat,3,failed
sub-20,/home/fs0/xpsy1114/scratch/data/derivatives/sub-20/func/glm_fut-steps_states_split-buttons_pt01++.feat,1862,worked
sub-20,/home/fs0/xpsy1114/scratch/data/derivatives/sub-20/func/glm_fut-steps_states_split-buttons_pt01+.feat,3,failed
sub-20,/home/fs0/xpsy1114/scratch/data/derivatives/sub-20/func/glm_fut-steps_states_split-buttons_pt02.feat,3,failed
sub-20,/home/fs0/xpsy1114/scratch/data/derivatives/sub-20/func/glm_fut-steps_states_split-buttons_pt02++.feat,1849,worked
sub-20,/home/fs0/xpsy1114/scratch/data/derivatives/sub-20/func/glm_fut-steps_states_split-buttons_pt02+.feat,3,failed
sub-22,/home/fs0/xpsy1114/scratch/data/derivatives/sub-22/func/glm_all_paths-rews-split_buttons_pt01.feat,3,failed
sub-22,/home/fs0/xpsy1114/scratch/data/derivatives/sub-22/func/glm_all_paths-rews-split_buttons_pt01+.feat,3,failed
sub-22,/home/fs0/xpsy1114/scratch/data/derivatives/sub-22/func/glm_all_paths-rews-split_buttons_pt02.feat,3,failed
sub-22,/home/fs0/xpsy1114/scratch/data/derivatives/sub-22/func/glm_all_paths-rews-split_buttons_pt02+.feat,3,failed
sub-22,/home/fs0/xpsy1114/scratch/data/derivatives/sub-22/func/glm_all-rews-split_buttons_pt01.feat,1975,worked
sub-22,/home/fs0/xpsy1114/scratch/data/derivatives/sub-22/func/glm_all-rews-split_buttons_pt01+.feat,1975,worked
sub-22,/home/fs0/xpsy1114/scratch/data/derivatives/sub-22/func/glm_all-rews-split_buttons_pt02.feat,1967,worked
sub-22,/home/fs0/xpsy1114/scratch/data/derivatives/sub-22/func/glm_all-rews-split_buttons_pt02+.feat,1967,worked
sub-22,/home/fs0/xpsy1114/scratch/data/derivatives/sub-22/func/glm_fut-steps_split-buttons_pt01.feat,3,failed
sub-22,/home/fs0/xpsy1114/scratch/data/derivatives/sub-22/func/glm_fut-steps_split-buttons_pt01++.feat,1671,worked
sub-22,/home/fs0/xpsy1114/scratch/data/derivatives/sub-22/func/glm_fut-steps_split-buttons_pt01+.feat,3,failed
sub-22,/home/fs0/xpsy1114/scratch/data/derivatives/sub-22/func/glm_fut-steps_split-buttons_pt02.feat,3,failed
sub-22,/home/fs0/xpsy1114/scratch/data/derivatives/sub-22/func/glm_fut-steps_split-buttons_pt02++.feat,1663,worked
sub-22,/home/fs0/xpsy1114/scratch/data/derivatives/sub-22/func/glm_fut-steps_split-buttons_pt02+.feat,3,failed
sub-22,/home/fs0/xpsy1114/scratch/data/derivatives/sub-22/func/glm_fut-steps_states_split-buttons_pt01.feat,3,failed
sub-22,/home/fs0/xpsy1114/scratch/data/derivatives/sub-22/func/glm_fut-steps_states_split-buttons_pt01++.feat,1823,worked
sub-22,/home/fs0/xpsy1114/scratch/data/derivatives/sub-22/func/glm_fut-steps_states_split-buttons_pt01+.feat,3,failed
sub-22,/home/fs0/xpsy1114/scratch/data/derivatives/sub-22/func/glm_fut-steps_states_split-buttons_pt02.feat,3,failed
sub-22,/home/fs0/xpsy1114/scratch/data/derivatives/sub-22/func/glm_fut-steps_states_split-buttons_pt02++.feat,1815,worked
sub-22,/home/fs0/xpsy1114/scratch/data/derivatives/sub-22/func/glm_fut-steps_states_split-buttons_pt02+.feat,3,failed
sub-23,/home/fs0/xpsy1114/scratch/data/derivatives/sub-23/func/glm_all_paths-rews-split_buttons_pt01.feat,3,failed
sub-23,/home/fs0/xpsy1114/scratch/data/derivatives/sub-23/func/glm_all_paths-rews-split_buttons_pt01+.feat,3,failed
sub-23,/home/fs0/xpsy1114/scratch/data/derivatives/sub-23/func/glm_all_paths-rews-split_buttons_pt02.feat,3,failed
sub-23,/home/fs0/xpsy1114/scratch/data/derivatives/sub-23/func/glm_all_paths-rews-split_buttons_pt02+.feat,3,failed
sub-23,/home/fs0/xpsy1114/scratch/data/derivatives/sub-23/func/glm_all-rews-split_buttons_pt01.feat,2040,worked
sub-23,/home/fs0/xpsy1114/scratch/data/derivatives/sub-23/func/glm_all-rews-split_buttons_pt01+.feat,2040,worked
sub-23,/home/fs0/xpsy1114/scratch/data/derivatives/sub-23/func/glm_all-rews-split_buttons_pt02.feat,2082,worked
sub-23,/home/fs0/xpsy1114/scratch/data/derivatives/sub-23/func/glm_all-rews-split_buttons_pt02+.feat,2082,worked
sub-23,/home/fs0/xpsy1114/scratch/data/derivatives/sub-23/func/glm_fut-steps_split-buttons_pt01.feat,3,failed
sub-23,/home/fs0/xpsy1114/scratch/data/derivatives/sub-23/func/glm_fut-steps_split-buttons_pt01++.feat,1736,worked
sub-23,/home/fs0/xpsy1114/scratch/data/derivatives/sub-23/func/glm_fut-steps_split-buttons_pt01+.feat,3,failed
sub-23,/home/fs0/xpsy1114/scratch/data/derivatives/sub-23/func/glm_fut-steps_split-buttons_pt02.feat,3,failed
sub-23,/home/fs0/xpsy1114/scratch/data/derivatives/sub-23/func/glm_fut-steps_split-buttons_pt02++.feat,1778,worked
sub-23,/home/fs0/xpsy1114/scratch/data/derivatives/sub-23/func/glm_fut-steps_split-buttons_pt02+.feat,3,failed
sub-23,/home/fs0/xpsy1114/scratch/data/derivatives/sub-23/func/glm_fut-steps_states_split-buttons_pt01.feat,3,failed
sub-23,/home/fs0/xpsy1114/scratch/data/derivatives/sub-23/func/glm_fut-steps_states_split-buttons_pt01++.feat,1888,worked
sub-23,/home/fs0/xpsy1114/scratch/data/derivatives/sub-23/func/glm_fut-steps_states_split-buttons_pt01+.feat,3,failed
sub-23,/home/fs0/xpsy1114/scratch/data/derivatives/sub-23/func/glm_fut-steps_states_split-buttons_pt02.feat,3,failed
sub-23,/home/fs0/xpsy1114/scratch/data/derivatives/sub-23/func/glm_fut-steps_states_split-buttons_pt02++.feat,1930,worked
sub-23,/home/fs0/xpsy1114/scratch/data/derivatives/sub-23/func/glm_fut-steps_states_split-buttons_pt02+.feat,3,failed
sub-24,/home/fs0/xpsy1114/scratch/data/derivatives/sub-24/func/glm_all_paths-rews-split_buttons_pt01.feat,3,failed
sub-24,/home/fs0/xpsy1114/scratch/data/derivatives/sub-24/func/glm_all_paths-rews-split_buttons_pt01+.feat,3,failed
sub-24,/home/fs0/xpsy1114/scratch/data/derivatives/sub-24/func/glm_all_paths-rews-split_buttons_pt02.feat,3,failed
sub-24,/home/fs0/xpsy1114/scratch/data/derivatives/sub-24/func/glm_all_paths-rews-split_buttons_pt02+.feat,3,failed
sub-24,/home/fs0/xpsy1114/scratch/data/derivatives/sub-24/func/glm_all-rews-split_buttons_pt01.feat,2016,worked
sub-24,/home/fs0/xpsy1114/scratch/data/derivatives/sub-24/func/glm_all-rews-split_buttons_pt01+.feat,151,worked
sub-24,/home/fs0/xpsy1114/scratch/data/derivatives/sub-24/func/glm_all-rews-split_buttons_pt02.feat,1997,worked
sub-24,/home/fs0/xpsy1114/scratch/data/derivatives/sub-24/func/glm_all-rews-split_buttons_pt02+.feat,1997,worked
sub-24,/home/fs0/xpsy1114/scratch/data/derivatives/sub-24/func/glm_fut-steps_split-buttons_pt01.feat,3,failed
sub-24,/home/fs0/xpsy1114/scratch/data/derivatives/sub-24/func/glm_fut-steps_split-buttons_pt01++.feat,1712,worked
sub-24,/home/fs0/xpsy1114/scratch/data/derivatives/sub-24/func/glm_fut-steps_split-buttons_pt01+.feat,3,failed
sub-24,/home/fs0/xpsy1114/scratch/data/derivatives/sub-24/func/glm_fut-steps_split-buttons_pt02.feat,3,failed
sub-24,/home/fs0/xpsy1114/scratch/data/derivatives/sub-24/func/glm_fut-steps_split-buttons_pt02++.feat,1693,worked
sub-24,/home/fs0/xpsy1114/scratch/data/derivatives/sub-24/func/glm_fut-steps_split-buttons_pt02+.feat,3,failed
sub-24,/home/fs0/xpsy1114/scratch/data/derivatives/sub-24/func/glm_fut-steps_states_split-buttons_pt01.feat,3,failed
sub-24,/home/fs0/xpsy1114/scratch/data/derivatives/sub-24/func/glm_fut-steps_states_split-buttons_pt01++.feat,1864,worked
sub-24,/home/fs0/xpsy1114/scratch/data/derivatives/sub-24/func/glm_fut-steps_states_split-buttons_pt01+.feat,3,failed
sub-24,/home/fs0/xpsy1114/scratch/data/derivatives/sub-24/func/glm_fut-steps_states_split-buttons_pt02.feat,3,failed
sub-24,/home/fs0/xpsy1114/scratch/data/derivatives/sub-24/func/glm_fut-steps_states_split-buttons_pt02++.feat,1845,worked
sub-24,/home/fs0/xpsy1114/scratch/data/derivatives/sub-24/func/glm_fut-steps_states_split-buttons_pt02+.feat,3,failed
sub-25,/home/fs0/xpsy1114/scratch/data/derivatives/sub-25/func/glm_all_paths-rews-split_buttons_pt01.feat,3,failed
sub-25,/home/fs0/xpsy1114/scratch/data/derivatives/sub-25/func/glm_all_paths-rews-split_buttons_pt01+.feat,3,failed
sub-25,/home/fs0/xpsy1114/scratch/data/derivatives/sub-25/func/glm_all_paths-rews-split_buttons_pt02.feat,3,failed
sub-25,/home/fs0/xpsy1114/scratch/data/derivatives/sub-25/func/glm_all_paths-rews-split_buttons_pt02+.feat,3,failed
sub-25,/home/fs0/xpsy1114/scratch/data/derivatives/sub-25/func/glm_all-rews-split_buttons_pt01.feat,1984,worked
sub-25,/home/fs0/xpsy1114/scratch/data/derivatives/sub-25/func/glm_all-rews-split_buttons_pt01+.feat,1984,worked
sub-25,/home/fs0/xpsy1114/scratch/data/derivatives/sub-25/func/glm_all-rews-split_buttons_pt02.feat,2018,worked
sub-25,/home/fs0/xpsy1114/scratch/data/derivatives/sub-25/func/glm_all-rews-split_buttons_pt02+.feat,2018,worked
sub-25,/home/fs0/xpsy1114/scratch/data/derivatives/sub-25/func/glm_fut-steps_split-buttons_pt01.feat,3,failed
sub-25,/home/fs0/xpsy1114/scratch/data/derivatives/sub-25/func/glm_fut-steps_split-buttons_pt01++.feat,1680,worked
sub-25,/home/fs0/xpsy1114/scratch/data/derivatives/sub-25/func/glm_fut-steps_split-buttons_pt01+.feat,3,failed
sub-25,/home/fs0/xpsy1114/scratch/data/derivatives/sub-25/func/glm_fut-steps_split-buttons_pt02.feat,3,failed
sub-25,/home/fs0/xpsy1114/scratch/data/derivatives/sub-25/func/glm_fut-steps_split-buttons_pt02++.feat,1714,worked
sub-25,/home/fs0/xpsy1114/scratch/data/derivatives/sub-25/func/glm_fut-steps_split-buttons_pt02+.feat,3,failed
sub-25,/home/fs0/xpsy1114/scratch/data/derivatives/sub-25/func/glm_fut-steps_states_split-buttons_pt01.feat,3,failed
sub-25,/home/fs0/xpsy1114/scratch/data/derivatives/sub-25/func/glm_fut-steps_states_split-buttons_pt01++.feat,1832,worked
sub-25,/home/fs0/xpsy1114/scratch/data/derivatives/sub-25/func/glm_fut-steps_states_split-buttons_pt01+.feat,3,failed
sub-25,/home/fs0/xpsy1114/scratch/data/derivatives/sub-25/func/glm_fut-steps_states_split-buttons_pt02.feat,3,failed
sub-25,/home/fs0/xpsy1114/scratch/data/derivatives/sub-25/func/glm_fut-steps_states_split-buttons_pt02++.feat,1866,worked
sub-25,/home/fs0/xpsy1114/scratch/data/derivatives/sub-25/func/glm_fut-steps_states_split-buttons_pt02+.feat,3,failed
sub-26,/home/fs0/xpsy1114/scratch/data/derivatives/sub-26/func/glm_all_paths-rews-split_buttons_pt01.feat,3,failed
sub-26,/home/fs0/xpsy1114/scratch/data/derivatives/sub-26/func/glm_all_paths-rews-split_buttons_pt01+.feat,3,failed
sub-26,/home/fs0/xpsy1114/scratch/data/derivatives/sub-26/func/glm_all_paths-rews-split_buttons_pt02.feat,3,failed
sub-26,/home/fs0/xpsy1114/scratch/data/derivatives/sub-26/func/glm_all_paths-rews-split_buttons_pt02+.feat,3,failed
sub-26,/home/fs0/xpsy1114/scratch/data/derivatives/sub-26/func/glm_all-rews-split_buttons_pt01.feat,2011,worked
sub-26,/home/fs0/xpsy1114/scratch/data/derivatives/sub-26/func/glm_all-rews-split_buttons_pt01+.feat,2011,worked
sub-26,/home/fs0/xpsy1114/scratch/data/derivatives/sub-26/func/glm_all-rews-split_buttons_pt02.feat,1988,worked
sub-26,/home/fs0/xpsy1114/scratch/data/derivatives/sub-26/func/glm_all-rews-split_buttons_pt02+.feat,1988,worked
sub-26,/home/fs0/xpsy1114/scratch/data/derivatives/sub-26/func/glm_fut-steps_split-buttons_pt01.feat,3,failed
sub-26,/home/fs0/xpsy1114/scratch/data/derivatives/sub-26/func/glm_fut-steps_split-buttons_pt01++.feat,1707,worked
sub-26,/home/fs0/xpsy1114/scratch/data/derivatives/sub-26/func/glm_fut-steps_split-buttons_pt01+.feat,3,failed
sub-26,/home/fs0/xpsy1114/scratch/data/derivatives/sub-26/func/glm_fut-steps_split-buttons_pt02.feat,3,failed
sub-26,/home/fs0/xpsy1114/scratch/data/derivatives/sub-26/func/glm_fut-steps_split-buttons_pt02++.feat,1684,worked
sub-26,/home/fs0/xpsy1114/scratch/data/derivatives/sub-26/func/glm_fut-steps_split-buttons_pt02+.feat,3,failed
sub-26,/home/fs0/xpsy1114/scratch/data/derivatives/sub-26/func/glm_fut-steps_states_split-buttons_pt01.feat,3,failed
sub-26,/home/fs0/xpsy1114/scratch/data/derivatives/sub-26/func/glm_fut-steps_states_split-buttons_pt01++.feat,1859,worked
sub-26,/home/fs0/xpsy1114/scratch/data/derivatives/sub-26/func/glm_fut-steps_states_split-buttons_pt01+.feat,3,failed
sub-26,/home/fs0/xpsy1114/scratch/data/derivatives/sub-26/func/glm_fut-steps_states_split-buttons_pt02.feat,3,failed
sub-26,/home/fs0/xpsy1114/scratch/data/derivatives/sub-26/func/glm_fut-steps_states_split-buttons_pt02++.feat,1836,worked
sub-26,/home/fs0/xpsy1114/scratch/data/derivatives/sub-26/func/glm_fut-steps_states_split-buttons_pt02+.feat,3,failed
sub-27,/home/fs0/xpsy1114/scratch/data/derivatives/sub-27/func/glm_all_paths-rews-split_buttons_pt01.feat,3,failed
sub-27,/home/fs0/xpsy1114/scratch/data/derivatives/sub-27/func/glm_all_paths-rews-split_buttons_pt01+.feat,3,failed
sub-27,/home/fs0/xpsy1114/scratch/data/derivatives/sub-27/func/glm_all_paths-rews-split_buttons_pt02.feat,3,failed
sub-27,/home/fs0/xpsy1114/scratch/data/derivatives/sub-27/func/glm_all_paths-rews-split_buttons_pt02+.feat,3,failed
sub-27,/home/fs0/xpsy1114/scratch/data/derivatives/sub-27/func/glm_all-rews-split_buttons_pt01.feat,2012,worked
sub-27,/home/fs0/xpsy1114/scratch/data/derivatives/sub-27/func/glm_all-rews-split_buttons_pt01+.feat,2012,worked
sub-27,/home/fs0/xpsy1114/scratch/data/derivatives/sub-27/func/glm_all-rews-split_buttons_pt02.feat,2025,worked
sub-27,/home/fs0/xpsy1114/scratch/data/derivatives/sub-27/func/glm_all-rews-split_buttons_pt02+.feat,2025,worked
sub-27,/home/fs0/xpsy1114/scratch/data/derivatives/sub-27/func/glm_fut-steps_split-buttons_pt01.feat,3,failed
sub-27,/home/fs0/xpsy1114/scratch/data/derivatives/sub-27/func/glm_fut-steps_split-buttons_pt01++.feat,1708,worked
sub-27,/home/fs0/xpsy1114/scratch/data/derivatives/sub-27/func/glm_fut-steps_split-buttons_pt01+.feat,3,failed
sub-27,/home/fs0/xpsy1114/scratch/data/derivatives/sub-27/func/glm_fut-steps_split-buttons_pt02.feat,3,failed
sub-27,/home/fs0/xpsy1114/scratch/data/derivatives/sub-27/func/glm_fut-steps_split-buttons_pt02++.feat,1721,worked
sub-27,/home/fs0/xpsy1114/scratch/data/derivatives/sub-27/func/glm_fut-steps_split-buttons_pt02+.feat,3,failed
sub-27,/home/fs0/xpsy1114/scratch/data/derivatives/sub-27/func/glm_fut-steps_states_split-buttons_pt01.feat,3,failed
sub-27,/home/fs0/xpsy1114/scratch/data/derivatives/sub-27/func/glm_fut-steps_states_split-buttons_pt01++.feat,1860,worked
sub-27,/home/fs0/xpsy1114/scratch/data/derivatives/sub-27/func/glm_fut-steps_states_split-buttons_pt01+.feat,3,failed
sub-27,/home/fs0/xpsy1114/scratch/data/derivatives/sub-27/func/glm_fut-steps_states_split-buttons_pt02.feat,3,failed
sub-27,/home/fs0/xpsy1114/scratch/data/derivatives/sub-27/func/glm_fut-steps_states_split-buttons_pt02++.feat,1873,worked
sub-27,/home/fs0/xpsy1114/scratch/data/derivatives/sub-27/func/glm_fut-steps_states_split-buttons_pt02+.feat,3,failed
sub-28,/home/fs0/xpsy1114/scratch/data/derivatives/sub-28/func/glm_all_paths-rews-split_buttons_pt01.feat,3,failed
sub-28,/home/fs0/xpsy1114/scratch/data/derivatives/sub-28/func/glm_all_paths-rews-split_buttons_pt01+.feat,3,failed
sub-28,/home/fs0/xpsy1114/scratch/data/derivatives/sub-28/func/glm_all_paths-rews-split_buttons_pt02.feat,3,failed
sub-28,/home/fs0/xpsy1114/scratch/data/derivatives/sub-28/func/glm_all_paths-rews-split_buttons_pt02+.feat,3,failed
sub-28,/home/fs0/xpsy1114/scratch/data/derivatives/sub-28/func/glm_all-rews-split_buttons_pt01.feat,1967,worked
sub-28,/home/fs0/xpsy1114/scratch/data/derivatives/sub-28/func/glm_all-rews-split_buttons_pt01+.feat,1967,worked
sub-28,/home/fs0/xpsy1114/scratch/data/derivatives/sub-28/func/glm_all-rews-split_buttons_pt02.feat,1990,worked
sub-28,/home/fs0/xpsy1114/scratch/data/derivatives/sub-28/func/glm_all-rews-split_buttons_pt02+.feat,1990,worked
sub-28,/home/fs0/xpsy1114/scratch/data/derivatives/sub-28/func/glm_fut-steps_split-buttons_pt01.feat,3,failed
sub-28,/home/fs0/xpsy1114/scratch/data/derivatives/sub-28/func/glm_fut-steps_split-buttons_pt01++.feat,1663,worked
sub-28,/home/fs0/xpsy1114/scratch/data/derivatives/sub-28/func/glm_fut-steps_split-buttons_pt01+.feat,3,failed
sub-28,/home/fs0/xpsy1114/scratch/data/derivatives/sub-28/func/glm_fut-steps_split-buttons_pt02.feat,3,failed
sub-28,/home/fs0/xpsy1114/scratch/data/derivatives/sub-28/func/glm_fut-steps_split-buttons_pt02++.feat,1686,worked
sub-28,/home/fs0/xpsy1114/scratch/data/derivatives/sub-28/func/glm_fut-steps_split-buttons_pt02+.feat,3,failed
sub-28,/home/fs0/xpsy1114/scratch/data/derivatives/sub-28/func/glm_fut-steps_states_split-buttons_pt01.feat,3,failed
sub-28,/home/fs0/xpsy1114/scratch/data/derivatives/sub-28/func/glm_fut-steps_states_split-buttons_pt01++.feat,1815,worked
sub-28,/home/fs0/xpsy1114/scratch/data/derivatives/sub-28/func/glm_fut-steps_states_split-buttons_pt01+.feat,3,failed
sub-28,/home/fs0/xpsy1114/scratch/data/derivatives/sub-28/func/glm_fut-steps_states_split-buttons_pt02.feat,3,failed
sub-28,/home/fs0/xpsy1114/scratch/data/derivatives/sub-28/func/glm_fut-steps_states_split-buttons_pt02++.feat,1838,worked
sub-28,/home/fs0/xpsy1114/scratch/data/derivatives/sub-28/func/glm_fut-steps_states_split-buttons_pt02+.feat,3,failed
sub-30,/home/fs0/xpsy1114/scratch/data/derivatives/sub-30/func/glm_all_paths-rews-split_buttons_pt01.feat,3,failed
sub-30,/home/fs0/xpsy1114/scratch/data/derivatives/sub-30/func/glm_all_paths-rews-split_buttons_pt01+.feat,3,failed
sub-30,/home/fs0/xpsy1114/scratch/data/derivatives/sub-30/func/glm_all_paths-rews-split_buttons_pt02.feat,3,failed
sub-30,/home/fs0/xpsy1114/scratch/data/derivatives/sub-30/func/glm_all_paths-rews-split_buttons_pt02+.feat,3,failed
sub-30,/home/fs0/xpsy1114/scratch/data/derivatives/sub-30/func/glm_all-rews-split_buttons_pt01.feat,1920,worked
sub-30,/home/fs0/xpsy1114/scratch/data/derivatives/sub-30/func/glm_all-rews-split_buttons_pt01+.feat,1920,worked
sub-30,/home/fs0/xpsy1114/scratch/data/derivatives/sub-30/func/glm_all-rews-split_buttons_pt02.feat,1936,worked
sub-30,/home/fs0/xpsy1114/scratch/data/derivatives/sub-30/func/glm_all-rews-split_buttons_pt02+.feat,1936,worked
sub-30,/home/fs0/xpsy1114/scratch/data/derivatives/sub-30/func/glm_fut-steps_split-buttons_pt01.feat,3,failed
sub-30,/home/fs0/xpsy1114/scratch/data/derivatives/sub-30/func/glm_fut-steps_split-buttons_pt01++.feat,1616,worked
sub-30,/home/fs0/xpsy1114/scratch/data/derivatives/sub-30/func/glm_fut-steps_split-buttons_pt01+.feat,3,failed
sub-30,/home/fs0/xpsy1114/scratch/data/derivatives/sub-30/func/glm_fut-steps_split-buttons_pt02.feat,3,failed
sub-30,/home/fs0/xpsy1114/scratch/data/derivatives/sub-30/func/glm_fut-steps_split-buttons_pt02++.feat,1632,worked
sub-30,/home/fs0/xpsy1114/scratch/data/derivatives/sub-30/func/glm_fut-steps_split-buttons_pt02+.feat,3,failed
sub-30,/home/fs0/xpsy1114/scratch/data/derivatives/sub-30/func/glm_fut-steps_states_split-buttons_pt01.feat,3,failed
sub-30,/home/fs0/xpsy1114/scratch/data/derivatives/sub-30/func/glm_fut-steps_states_split-buttons_pt01++.feat,1768,worked
sub-30,/home/fs0/xpsy1114/scratch/data/derivatives/sub-30/func/glm_fut-steps_states_split-buttons_pt01+.feat,3,failed
sub-30,/home/fs0/xpsy1114/scratch/data/derivatives/sub-30/func/glm_fut-steps_states_split-buttons_pt02.feat,3,failed
sub-30,/home/fs0/xpsy1114/scratch/data/derivatives/sub-30/func/glm_fut-steps_states_split-buttons_pt02++.feat,1784,worked
sub-30,/home/fs0/xpsy1114/scratch/data/derivatives/sub-30/func/glm_fut-steps_states_split-buttons_pt02+.feat,3,failed
sub-31,/home/fs0/xpsy1114/scratch/data/derivatives/sub-31/func/glm_all_paths-rews-split_buttons_pt01.feat,3,failed
sub-31,/home/fs0/xpsy1114/scratch/data/derivatives/sub-31/func/glm_all_paths-rews-split_buttons_pt01+.feat,3,failed
sub-31,/home/fs0/xpsy1114/scratch/data/derivatives/sub-31/func/glm_all_paths-rews-split_buttons_pt02.feat,3,failed
sub-31,/home/fs0/xpsy1114/scratch/data/derivatives/sub-31/func/glm_all_paths-rews-split_buttons_pt02+.feat,3,failed
sub-31,/home/fs0/xpsy1114/scratch/data/derivatives/sub-31/func/glm_all-rews-split_buttons_pt01.feat,1909,worked
sub-31,/home/fs0/xpsy1114/scratch/data/derivatives/sub-31/func/glm_all-rews-split_buttons_pt01+.feat,1909,worked
sub-31,/home/fs0/xpsy1114/scratch/data/derivatives/sub-31/func/glm_all-rews-split_buttons_pt02.feat,1934,worked
sub-31,/home/fs0/xpsy1114/scratch/data/derivatives/sub-31/func/glm_all-rews-split_buttons_pt02+.feat,1934,worked
sub-31,/home/fs0/xpsy1114/scratch/data/derivatives/sub-31/func/glm_fut-steps_split-buttons_pt01.feat,3,failed
sub-31,/home/fs0/xpsy1114/scratch/data/derivatives/sub-31/func/glm_fut-steps_split-buttons_pt01++.feat,1605,worked
sub-31,/home/fs0/xpsy1114/scratch/data/derivatives/sub-31/func/glm_fut-steps_split-buttons_pt01+.feat,3,failed
sub-31,/home/fs0/xpsy1114/scratch/data/derivatives/sub-31/func/glm_fut-steps_split-buttons_pt02.feat,3,failed
sub-31,/home/fs0/xpsy1114/scratch/data/derivatives/sub-31/func/glm_fut-steps_split-buttons_pt02++.feat,1630,worked
sub-31,/home/fs0/xpsy1114/scratch/data/derivatives/sub-31/func/glm_fut-steps_split-buttons_pt02+.feat,3,failed
sub-31,/home/fs0/xpsy1114/scratch/data/derivatives/sub-31/func/glm_fut-steps_states_split-buttons_pt01.feat,3,failed
sub-31,/home/fs0/xpsy1114/scratch/data/derivatives/sub-31/func/glm_fut-steps_states_split-buttons_pt01++.feat,1757,worked
sub-31,/home/fs0/xpsy1114/scratch/data/derivatives/sub-31/func/glm_fut-steps_states_split-buttons_pt01+.feat,3,failed
sub-31,/home/fs0/xpsy1114/scratch/data/derivatives/sub-31/func/glm_fut-steps_states_split-buttons_pt02.feat,3,failed
sub-31,/home/fs0/xpsy1114/scratch/data/derivatives/sub-31/func/glm_fut-steps_states_split-buttons_pt02++.feat,1782,worked
sub-31,/home/fs0/xpsy1114/scratch/data/derivatives/sub-31/func/glm_fut-steps_states_split-buttons_pt02+.feat,3,failed
sub-32,/home/fs0/xpsy1114/scratch/data/derivatives/sub-32/func/glm_all_paths-rews-split_buttons_pt01.feat,3,failed
sub-32,/home/fs0/xpsy1114/scratch/data/derivatives/sub-32/func/glm_all_paths-rews-split_buttons_pt01+.feat,3,failed
sub-32,/home/fs0/xpsy1114/scratch/data/derivatives/sub-32/func/glm_all_paths-rews-split_buttons_pt02.feat,3,failed
sub-32,/home/fs0/xpsy1114/scratch/data/derivatives/sub-32/func/glm_all_paths-rews-split_buttons_pt02+.feat,3,failed
sub-32,/home/fs0/xpsy1114/scratch/data/derivatives/sub-32/func/glm_all-rews-split_buttons_pt01.feat,1979,worked
sub-32,/home/fs0/xpsy1114/scratch/data/derivatives/sub-32/func/glm_all-rews-split_buttons_pt01+.feat,1979,worked
sub-32,/home/fs0/xpsy1114/scratch/data/derivatives/sub-32/func/glm_all-rews-split_buttons_pt02.feat,1975,worked
sub-32,/home/fs0/xpsy1114/scratch/data/derivatives/sub-32/func/glm_all-rews-split_buttons_pt02+.feat,1975,worked
sub-32,/home/fs0/xpsy1114/scratch/data/derivatives/sub-32/func/glm_fut-steps_split-buttons_pt01.feat,3,failed
sub-32,/home/fs0/xpsy1114/scratch/data/derivatives/sub-32/func/glm_fut-steps_split-buttons_pt01++.feat,1675,worked
sub-32,/home/fs0/xpsy1114/scratch/data/derivatives/sub-32/func/glm_fut-steps_split-buttons_pt01+.feat,3,failed
sub-32,/home/fs0/xpsy1114/scratch/data/derivatives/sub-32/func/glm_fut-steps_split-buttons_pt02.feat,3,failed
sub-32,/home/fs0/xpsy1114/scratch/data/derivatives/sub-32/func/glm_fut-steps_split-buttons_pt02++.feat,1671,worked
sub-32,/home/fs0/xpsy1114/scratch/data/derivatives/sub-32/func/glm_fut-steps_split-buttons_pt02+.feat,3,failed
sub-32,/home/fs0/xpsy1114/scratch/data/derivatives/sub-32/func/glm_fut-steps_states_split-buttons_pt01.feat,3,failed
sub-32,/home/fs0/xpsy1114/scratch/data/derivatives/sub-32/func/glm_fut-steps_states_split-buttons_pt01++.feat,1827,worked
sub-32,/home/fs0/xpsy1114/scratch/data/derivatives/sub-32/func/glm_fut-steps_states_split-buttons_pt01+.feat,3,failed
sub-32,/home/fs0/xpsy1114/scratch/data/derivatives/sub-32/func/glm_fut-steps_states_split-buttons_pt02.feat,3,failed
sub-32,/home/fs0/xpsy1114/scratch/data/derivatives/sub-32/func/glm_fut-steps_states_split-buttons_pt02++.feat,1823,worked
sub-32,/home/fs0/xpsy1114/scratch/data/derivatives/sub-32/func/glm_fut-steps_states_split-buttons_pt02+.feat,3,failed
sub-33,/home/fs0/xpsy1114/scratch/data/derivatives/sub-33/func/glm_all_paths-rews-split_buttons_pt01.feat,3,failed
sub-33,/home/fs0/xpsy1114/scratch/data/derivatives/sub-33/func/glm_all_paths-rews-split_buttons_pt01+.feat,3,failed
sub-33,/home/fs0/xpsy1114/scratch/data/derivatives/sub-33/func/glm_all_paths-rews-split_buttons_pt02.feat,3,failed
sub-33,/home/fs0/xpsy1114/scratch/data/derivatives/sub-33/func/glm_all_paths-rews-split_buttons_pt02+.feat,3,failed
sub-33,/home/fs0/xpsy1114/scratch/data/derivatives/sub-33/func/glm_all-rews-split_buttons_pt01.feat,1939,worked
sub-33,/home/fs0/xpsy1114/scratch/data/derivatives/sub-33/func/glm_all-rews-split_buttons_pt01+.feat,1939,worked
sub-33,/home/fs0/xpsy1114/scratch/data/derivatives/sub-33/func/glm_all-rews-split_buttons_pt02.feat,1939,worked
sub-33,/home/fs0/xpsy1114/scratch/data/derivatives/sub-33/func/glm_all-rews-split_buttons_pt02+.feat,1939,worked
sub-33,/home/fs0/xpsy1114/scratch/data/derivatives/sub-33/func/glm_fut-steps_split-buttons_pt01.feat,3,failed
sub-33,/home/fs0/xpsy1114/scratch/data/derivatives/sub-33/func/glm_fut-steps_split-buttons_pt01++.feat,1635,worked
sub-33,/home/fs0/xpsy1114/scratch/data/derivatives/sub-33/func/glm_fut-steps_split-buttons_pt01+.feat,3,failed
sub-33,/home/fs0/xpsy1114/scratch/data/derivatives/sub-33/func/glm_fut-steps_split-buttons_pt02.feat,3,failed
sub-33,/home/fs0/xpsy1114/scratch/data/derivatives/sub-33/func/glm_fut-steps_split-buttons_pt02++.feat,1635,worked
sub-33,/home/fs0/xpsy1114/scratch/data/derivatives/sub-33/func/glm_fut-steps_split-buttons_pt02+.feat,3,failed
sub-33,/home/fs0/xpsy1114/scratch/data/derivatives/sub-33/func/glm_fut-steps_states_split-buttons_pt01.feat,3,failed
sub-33,/home/fs0/xpsy1114/scratch/data/derivatives/sub-33/func/glm_fut-steps_states_split-buttons_pt01++.feat,1787,worked
sub-33,/home/fs0/xpsy1114/scratch/data/derivatives/sub-33/func/glm_fut-steps_states_split-buttons_pt01+.feat,3,failed
sub-33,/home/fs0/xpsy1114/scratch/data/derivatives/sub-33/func/glm_fut-steps_states_split-buttons_pt02.feat,3,failed
sub-33,/home/fs0/xpsy1114/scratch/data/derivatives/sub-33/func/glm_fut-steps_states_split-buttons_pt02++.feat,1787,worked
sub-33,/home/fs0/xpsy1114/scratch/data/derivatives/sub-33/func/glm_fut-steps_states_split-buttons_pt02+.feat,3,failed
sub-34,/home/fs0/xpsy1114/scratch/data/derivatives/sub-34/func/glm_all_paths-rews-split_buttons_pt01.feat,3,failed
sub-34,/home/fs0/xpsy1114/scratch/data/derivatives/sub-34/func/glm_all_paths-rews-split_buttons_pt01+.feat,3,failed
sub-34,/home/fs0/xpsy1114/scratch/data/derivatives/sub-34/func/glm_all_paths-rews-split_buttons_pt02.feat,3,failed
sub-34,/home/fs0/xpsy1114/scratch/data/derivatives/sub-34/func/glm_all_paths-rews-split_buttons_pt02+.feat,3,failed
sub-34,/home/fs0/xpsy1114/scratch/data/derivatives/sub-34/func/glm_all-rews-split_buttons_pt01.feat,1959,worked
sub-34,/home/fs0/xpsy1114/scratch/data/derivatives/sub-34/func/glm_all-rews-split_buttons_pt01+.feat,1959,worked
sub-34,/home/fs0/xpsy1114/scratch/data/derivatives/sub-34/func/glm_all-rews-split_buttons_pt02.feat,1996,worked
sub-34,/home/fs0/xpsy1114/scratch/data/derivatives/sub-34/func/glm_all-rews-split_buttons_pt02+.feat,1996,worked
sub-34,/home/fs0/xpsy1114/scratch/data/derivatives/sub-34/func/glm_fut-steps_split-buttons_pt01.feat,3,failed
sub-34,/home/fs0/xpsy1114/scratch/data/derivatives/sub-34/func/glm_fut-steps_split-buttons_pt01++.feat,1655,worked
sub-34,/home/fs0/xpsy1114/scratch/data/derivatives/sub-34/func/glm_fut-steps_split-buttons_pt01+.feat,3,failed
sub-34,/home/fs0/xpsy1114/scratch/data/derivatives/sub-34/func/glm_fut-steps_split-buttons_pt02.feat,3,failed
sub-34,/home/fs0/xpsy1114/scratch/data/derivatives/sub-34/func/glm_fut-steps_split-buttons_pt02++.feat,1692,worked
sub-34,/home/fs0/xpsy1114/scratch/data/derivatives/sub-34/func/glm_fut-steps_split-buttons_pt02+.feat,3,failed
sub-34,/home/fs0/xpsy1114/scratch/data/derivatives/sub-34/func/glm_fut-steps_states_split-buttons_pt01.feat,3,failed
sub-34,/home/fs0/xpsy1114/scratch/data/derivatives/sub-34/func/glm_fut-steps_states_split-buttons_pt01++.feat,1807,worked
sub-34,/home/fs0/xpsy1114/scratch/data/derivatives/sub-34/func/glm_fut-steps_states_split-buttons_pt01+.feat,3,failed
sub-34,/home/fs0/xpsy1114/scratch/data/derivatives/sub-34/func/glm_fut-steps_states_split-buttons_pt02.feat,3,failed
sub-34,/home/fs0/xpsy1114/scratch/data/derivatives/sub-34/func/glm_fut-steps_states_split-buttons_pt02++.feat,1844,worked
sub-34,/home/fs0/xpsy1114/scratch/data/derivatives/sub-34/func/glm_fut-steps_states_split-buttons_pt02+.feat,3,failed
sub-35,/home/fs0/xpsy1114/scratch/data/derivatives/sub-35/func/glm_all_paths-rews-split_buttons_pt01.feat,3,failed
sub-35,/home/fs0/xpsy1114/scratch/data/derivatives/sub-35/func/glm_all_paths-rews-split_buttons_pt01+.feat,3,failed
sub-35,/home/fs0/xpsy1114/scratch/data/derivatives/sub-35/func/glm_all_paths-rews-split_buttons_pt02.feat,3,failed
sub-35,/home/fs0/xpsy1114/scratch/data/derivatives/sub-35/func/glm_all_paths-rews-split_buttons_pt02+.feat,3,failed
sub-35,/home/fs0/xpsy1114/scratch/data/derivatives/sub-35/func/glm_all-rews-split_buttons_pt01.feat,35,worked
sub-35,/home/fs0/xpsy1114/scratch/data/derivatives/sub-35/func/glm_all-rews-split_buttons_pt01+.feat,35,worked
sub-35,/home/fs0/xpsy1114/scratch/data/derivatives/sub-35/func/glm_all-rews-split_buttons_pt02.feat,2058,worked
sub-35,/home/fs0/xpsy1114/scratch/data/derivatives/sub-35/func/glm_all-rews-split_buttons_pt02+.feat,2058,worked
sub-35,/home/fs0/xpsy1114/scratch/data/derivatives/sub-35/func/glm_fut-steps_split-buttons_pt01.feat,3,failed
sub-35,/home/fs0/xpsy1114/scratch/data/derivatives/sub-35/func/glm_fut-steps_split-buttons_pt01++.feat,35,worked
sub-35,/home/fs0/xpsy1114/scratch/data/derivatives/sub-35/func/glm_fut-steps_split-buttons_pt01+.feat,3,failed
sub-35,/home/fs0/xpsy1114/scratch/data/derivatives/sub-35/func/glm_fut-steps_split-buttons_pt02.feat,3,failed
sub-35,/home/fs0/xpsy1114/scratch/data/derivatives/sub-35/func/glm_fut-steps_split-buttons_pt02++.feat,1754,worked
sub-35,/home/fs0/xpsy1114/scratch/data/derivatives/sub-35/func/glm_fut-steps_split-buttons_pt02+.feat,3,failed
sub-35,/home/fs0/xpsy1114/scratch/data/derivatives/sub-35/func/glm_fut-steps_states_split-buttons_pt01.feat,3,failed
sub-35,/home/fs0/xpsy1114/scratch/data/derivatives/sub-35/func/glm_fut-steps_states_split-buttons_pt01++.feat,35,worked
sub-35,/home/fs0/xpsy1114/scratch/data/derivatives/sub-35/func/glm_fut-steps_states_split-buttons_pt01+.feat,3,failed
sub-35,/home/fs0/xpsy1114/scratch/data/derivatives/sub-35/func/glm_fut-steps_states_split-buttons_pt02.feat,3,failed
sub-35,/home/fs0/xpsy1114/scratch/data/derivatives/sub-35/func/glm_fut-steps_states_split-buttons_pt02++.feat,1906,worked
sub-35,/home/fs0/xpsy1114/scratch/data/derivatives/sub-35/func/glm_fut-steps_states_split-buttons_pt02+.feat,3,failed
